x,y,,
128.7174732,35.8363186,,
128.7171378,35.8365428,,
128.7167551,35.8367093,,
128.7163398,35.8368119,,
128.715908,35.8368466,,
128.7154761,35.8368119,,
128.7150609,35.8367093,,
128.7146781,35.8365428,,
128.7143427,35.8363186,,
128.7140674,35.8360454,,
128.7138629,35.8357338,,
128.7137369,35.8353957,,
128.7136944,35.835044,,
128.7137369,35.8346924,,
128.7138629,35.8343542,,
128.7140675,35.8340426,,
128.7143428,35.8337695,,
128.7146782,35.8335453,,
128.7150609,35.8333787,,
128.7154761,35.8332762,,
128.715908,35.8332415,,
128.7163398,35.8332762,,
128.7167551,35.8333787,,
128.7171378,35.8335453,,
128.7174732,35.8337695,,
128.7177485,35.8340426,,
128.717953,35.8343542,,
128.718079,35.8346924,,
128.7181216,35.835044,,
128.718079,35.8353957,,
128.7179531,35.8357338,,
128.7177485,35.8360454,,
128.7174732,35.836318,,
128.4960924,35.856885,,
128.4957569,35.8571092,,
128.4953741,35.8572757,,
128.4949587,35.8573783,,
128.4945267,35.8574129,,
128.4940948,35.8573783,,
128.4936794,35.8572757,,
128.4932966,35.8571092,,
128.4929611,35.856885,,
128.4926857,35.8566118,,
128.4924811,35.8563002,,
128.4923551,35.8559621,,
128.4923126,35.8556104,,
128.4923551,35.8552588,,
128.4924811,35.8549206,,
128.4926858,35.854609,,
128.4929611,35.8543359,,
128.4932966,35.8541117,,
128.4936794,35.8539451,,
128.4940948,35.8538426,,
128.4945267,35.8538079,,
128.4949587,35.8538426,,
128.495374,35.8539451,,
128.4957568,35.8541117,,
128.4960924,35.8543359,,
128.4963677,35.854609,,
128.4965723,35.8549206,,
128.4966983,35.8552588,,
128.4967409,35.8556104,,
128.4966984,35.8559621,,
128.4965724,35.8563002,,
128.4963678,35.8566118,,
128.4960924,35.85688,,
129.1602385,35.2313368,,
129.1599056,35.231561,,
129.1595257,35.2317276,,
129.1591136,35.2318302,,
129.158685,35.2318648,,
129.1582563,35.2318302,,
129.1578442,35.2317276,,
129.1574643,35.231561,,
129.1571314,35.2313368,,
129.1568582,35.2310637,,
129.1566551,35.230752,,
129.1565301,35.2304138,,
129.1564879,35.2300621,,
129.1565301,35.2297104,,
129.1566552,35.2293723,,
129.1568582,35.2290606,,
129.1571314,35.2287874,,
129.1574644,35.2285633,,
129.1578442,35.2283967,,
129.1582563,35.2282941,,
129.158685,35.2282594,,
129.1591136,35.2282941,,
129.1595257,35.2283967,,
129.1599055,35.2285633,,
129.1602385,35.2287874,,
129.1605117,35.2290606,,
129.1607147,35.2293723,,
129.1608398,35.2297104,,
129.160882,35.2300621,,
129.1608398,35.2304138,,
129.1607148,35.230752,,
129.1605117,35.2310637,,
129.1602385,35.231336,,
128.5518639,35.9467475,,
128.551528,35.9469717,,
128.5511448,35.9471383,,
128.5507289,35.9472408,,
128.5502965,35.9472755,,
128.549864,35.9472408,,
128.5494482,35.9471383,,
128.5490649,35.9469717,,
128.548729,35.9467475,,
128.5484534,35.9464744,,
128.5482485,35.9461628,,
128.5481224,35.9458246,,
128.5480798,35.945473,,
128.5481224,35.9451213,,
128.5482486,35.9447832,,
128.5484534,35.9444716,,
128.5487291,35.9441984,,
128.549065,35.9439743,,
128.5494482,35.9438077,,
128.549864,35.9437051,,
128.5502965,35.9436705,,
128.5507289,35.9437051,,
128.5511447,35.9438077,,
128.551528,35.9439743,,
128.5518639,35.9441984,,
128.5521395,35.9444716,,
128.5523444,35.9447832,,
128.5524705,35.9451213,,
128.5525131,35.945473,,
128.5524705,35.9458246,,
128.5523444,35.9461628,,
128.5521396,35.9464744,,
128.5518639,35.946747,,
128.5336045,35.8355413,,
128.5332691,35.8357654,,
128.5328864,35.835932,,
128.5324711,35.8360346,,
128.5320393,35.8360692,,
128.5316074,35.8360346,,
128.5311921,35.835932,,
128.5308094,35.8357654,,
128.530474,35.8355413,,
128.5301987,35.8352681,,
128.5299942,35.8349565,,
128.5298682,35.8346183,,
128.5298257,35.8342667,,
128.5298682,35.833915,,
128.5299942,35.8335769,,
128.5301988,35.8332653,,
128.5304741,35.8329921,,
128.5308095,35.832768,,
128.5311922,35.8326014,,
128.5316074,35.8324988,,
128.5320393,35.8324642,,
128.5324711,35.8324988,,
128.5328863,35.8326014,,
128.533269,35.832768,,
128.5336045,35.8329921,,
128.5338797,35.8332653,,
128.5340843,35.8335769,,
128.5342103,35.833915,,
128.5342528,35.8342667,,
128.5342103,35.8346183,,
128.5340843,35.8349565,,
128.5338798,35.8352681,,
128.5336045,35.835541,,
128.3018708,36.5122368,,
128.3015325,36.5124609,,
128.3011465,36.5126275,,
128.3007276,36.5127301,,
128.3002921,36.5127647,,
128.2998565,36.5127301,,
128.2994376,36.5126275,,
128.2990516,36.5124609,,
128.2987133,36.5122368,,
128.2984356,36.5119637,,
128.2982293,36.5116521,,
128.2981023,36.511314,,
128.2980594,36.5109624,,
128.2981023,36.5106107,,
128.2982294,36.5102726,,
128.2984357,36.5099611,,
128.2987133,36.5096879,,
128.2990517,36.5094638,,
128.2994377,36.5092973,,
128.2998565,36.5091947,,
128.3002921,36.5091601,,
128.3007276,36.5091947,,
128.3011465,36.5092973,,
128.3015325,36.5094638,,
128.3018708,36.5096879,,
128.3021484,36.5099611,,
128.3023548,36.5102726,,
128.3024818,36.5106107,,
128.3025247,36.5109624,,
128.3024819,36.511314,,
128.3023548,36.5116521,,
128.3021485,36.5119637,,
128.3018708,36.512236,,
128.6099532,35.8852254,,
128.6096176,35.8854496,,
128.6092346,35.8856162,,
128.6088191,35.8857188,,
128.608387,35.8857534,,
128.6079549,35.8857188,,
128.6075394,35.8856162,,
128.6071564,35.8854496,,
128.6068208,35.8852254,,
128.6065453,35.8849523,,
128.6063406,35.8846407,,
128.6062146,35.8843025,,
128.6061721,35.8839509,,
128.6062146,35.8835992,,
128.6063407,35.8832611,,
128.6065454,35.8829495,,
128.6068208,35.8826763,,
128.6071565,35.8824522,,
128.6075394,35.8822856,,
128.6079549,35.882183,,
128.608387,35.8821484,,
128.6088191,35.882183,,
128.6092346,35.8822856,,
128.6096175,35.8824522,,
128.6099532,35.8826763,,
128.6102286,35.8829495,,
128.6104333,35.8832611,,
128.6105594,35.8835992,,
128.6106019,35.8839509,,
128.6105594,35.8843025,,
128.6104334,35.8846407,,
128.6102287,35.8849523,,
128.6099532,35.885225,,
128.6163621,35.8636586,,
128.6160265,35.8638828,,
128.6156437,35.8640493,,
128.6152283,35.8641519,,
128.6147963,35.8641866,,
128.6143642,35.8641519,,
128.6139488,35.8640493,,
128.613566,35.8638828,,
128.6132305,35.8636586,,
128.6129551,35.8633854,,
128.6127504,35.8630738,,
128.6126244,35.8627357,,
128.6125819,35.862384,,
128.6126245,35.8620324,,
128.6127505,35.8616942,,
128.6129551,35.8613826,,
128.6132305,35.8611095,,
128.6135661,35.8608853,,
128.6139489,35.8607187,,
128.6143643,35.8606162,,
128.6147963,35.8605815,,
128.6152282,35.8606162,,
128.6156436,35.8607187,,
128.6160265,35.8608853,,
128.616362,35.8611095,,
128.6166374,35.8613826,,
128.616842,35.8616942,,
128.616968,35.8620324,,
128.6170106,35.862384,,
128.6169681,35.8627357,,
128.6168421,35.8630738,,
128.6166374,35.8633854,,
128.6163621,35.863658,,
128.4467751,35.7305781,,
128.4464401,35.7308023,,
128.4460579,35.7309689,,
128.4456432,35.7310715,,
128.4452119,35.7311061,,
128.4447806,35.7310715,,
128.4443659,35.7309689,,
128.4439837,35.7308023,,
128.4436487,35.7305781,,
128.4433737,35.730305,,
128.4431695,35.7299933,,
128.4430437,35.7296552,,
128.4430012,35.7293035,,
128.4430437,35.7289519,,
128.4431695,35.7286137,,
128.4433738,35.7283021,,
128.4436487,35.7280289,,
128.4439837,35.7278048,,
128.4443659,35.7276382,,
128.4447806,35.7275356,,
128.4452119,35.727501,,
128.4456431,35.7275356,,
128.4460578,35.7276382,,
128.44644,35.7278048,,
128.446775,35.7280289,,
128.4470499,35.7283021,,
128.4472542,35.7286137,,
128.44738,35.7289519,,
128.4474225,35.7293035,,
128.4473801,35.7296552,,
128.4472543,35.7299933,,
128.44705,35.730305,,
128.4467751,35.730578,,
128.7156584,35.8420114,,
128.7153229,35.8422356,,
128.7149402,35.8424022,,
128.7145249,35.8425047,,
128.714093,35.8425394,,
128.7136611,35.8425047,,
128.7132458,35.8424022,,
128.7128631,35.8422356,,
128.7125276,35.8420114,,
128.7122523,35.8417383,,
128.7120477,35.8414266,,
128.7119218,35.8410885,,
128.7118792,35.8407368,,
128.7119218,35.8403852,,
128.7120478,35.840047,,
128.7122524,35.8397354,,
128.7125277,35.8394623,,
128.7128631,35.8392381,,
128.7132458,35.8390715,,
128.7136611,35.838969,,
128.714093,35.8389343,,
128.7145249,35.838969,,
128.7149401,35.8390715,,
128.7153229,35.8392381,,
128.7156583,35.8394623,,
128.7159336,35.8397354,,
128.7161382,35.840047,,
128.7162642,35.8403852,,
128.7163067,35.8407368,,
128.7162642,35.8410885,,
128.7161382,35.8414266,,
128.7159337,35.8417383,,
128.7156584,35.842011,,
128.5547402,35.8401766,,
128.5544047,35.8404008,,
128.554022,35.8405674,,
128.5536067,35.84067,,
128.5531748,35.8407046,,
128.5527429,35.84067,,
128.5523276,35.8405674,,
128.5519449,35.8404008,,
128.5516095,35.8401766,,
128.5513342,35.8399035,,
128.5511296,35.8395919,,
128.5510036,35.8392537,,
128.5509611,35.8389021,,
128.5510037,35.8385504,,
128.5511296,35.8382123,,
128.5513342,35.8379006,,
128.5516095,35.8376275,,
128.551945,35.8374033,,
128.5523277,35.8372368,,
128.5527429,35.8371342,,
128.5531748,35.8370996,,
128.5536067,35.8371342,,
128.5540219,35.8372368,,
128.5544046,35.8374033,,
128.5547401,35.8376275,,
128.5550154,35.8379006,,
128.55522,35.8382123,,
128.555346,35.8385504,,
128.5553885,35.8389021,,
128.555346,35.8392537,,
128.55522,35.8395919,,
128.5550155,35.8399035,,
128.5547402,35.840176,,
128.5284031,35.8308109,,
128.5280677,35.8310351,,
128.5276851,35.8312017,,
128.5272698,35.8313043,,
128.526838,35.8313389,,
128.5264062,35.8313043,,
128.5259909,35.8312017,,
128.5256082,35.8310351,,
128.5252728,35.8308109,,
128.5249976,35.8305378,,
128.524793,35.8302261,,
128.5246671,35.829888,,
128.5246246,35.8295364,,
128.5246671,35.8291847,,
128.5247931,35.8288466,,
128.5249976,35.8285349,,
128.5252729,35.8282618,,
128.5256083,35.8280376,,
128.525991,35.8278711,,
128.5264062,35.8277685,,
128.526838,35.8277339,,
128.5272698,35.8277685,,
128.527685,35.8278711,,
128.5280677,35.8280376,,
128.5284031,35.8282618,,
128.5286784,35.8285349,,
128.5288829,35.8288466,,
128.5290089,35.8291847,,
128.5290514,35.8295364,,
128.5290089,35.829888,,
128.528883,35.8302261,,
128.5286784,35.8305378,,
128.5284031,35.83081,,
128.5048006,35.85929,,
128.5044651,35.8595142,,
128.5040822,35.8596808,,
128.5036669,35.8597833,,
128.5032349,35.859818,,
128.5028029,35.8597833,,
128.5023875,35.8596808,,
128.5020047,35.8595142,,
128.5016692,35.85929,,
128.5013938,35.8590169,,
128.5011892,35.8587052,,
128.5010632,35.8583671,,
128.5010207,35.8580155,,
128.5010632,35.8576638,,
128.5011892,35.8573257,,
128.5013938,35.857014,,
128.5016692,35.8567409,,
128.5020047,35.8565167,,
128.5023876,35.8563502,,
128.5028029,35.8562476,,
128.5032349,35.856213,,
128.5036668,35.8562476,,
128.5040822,35.8563502,,
128.504465,35.8565167,,
128.5048006,35.8567409,,
128.5050759,35.857014,,
128.5052805,35.8573257,,
128.5054066,35.8576638,,
128.5054491,35.8580155,,
128.5054066,35.8583671,,
128.5052806,35.8587052,,
128.505076,35.8590169,,
128.5048006,35.8592,,
128.5290047,35.8163506,,
128.5286694,35.8165748,,
128.5282868,35.8167414,,
128.5278716,35.8168439,,
128.5274399,35.8168786,,
128.5270081,35.8168439,,
128.526593,35.8167414,,
128.5262103,35.8165748,,
128.525875,35.8163506,,
128.5255998,35.8160775,,
128.5253953,35.8157658,,
128.5252693,35.8154277,,
128.5252268,35.815076,,
128.5252694,35.8147244,,
128.5253953,35.8143862,,
128.5255998,35.8140746,,
128.525875,35.8138015,,
128.5262104,35.8135773,,
128.526593,35.8134107,,
128.5270081,35.8133082,,
128.5274399,35.8132735,,
128.5278716,35.8133082,,
128.5282867,35.8134107,,
128.5286693,35.8135773,,
128.5290047,35.8138015,,
128.5292799,35.8140746,,
128.5294844,35.8143862,,
128.5296104,35.8147244,,
128.5296529,35.815076,,
128.5296104,35.8154277,,
128.5294845,35.8157658,,
128.52928,35.8160775,,
128.5290047,35.81635,,
129.1289549,35.1884123,,
129.1286222,35.1886365,,
129.1282425,35.1888031,,
129.1278306,35.1889057,,
129.1274022,35.1889403,,
129.1269738,35.1889057,,
129.1265618,35.1888031,,
129.1261822,35.1886365,,
129.1258494,35.1884123,,
129.1255763,35.1881391,,
129.1253734,35.1878274,,
129.1252485,35.1874893,,
129.1252063,35.1871376,,
129.1252485,35.1867859,,
129.1253735,35.1864477,,
129.1255764,35.1861361,,
129.1258495,35.1858629,,
129.1261822,35.1856387,,
129.1265619,35.1854721,,
129.1269738,35.1853695,,
129.1274022,35.1853349,,
129.1278306,35.1853695,,
129.1282425,35.1854721,,
129.1286221,35.1856387,,
129.1289549,35.1858629,,
129.1292279,35.1861361,,
129.1294309,35.1864477,,
129.1295558,35.1867859,,
129.129598,35.1871376,,
129.1295559,35.1874893,,
129.1294309,35.1878274,,
129.129228,35.1881391,,
129.1289549,35.188412,,
128.5665482,35.8674313,,
128.5662126,35.8676555,,
128.5658297,35.867822,,
128.5654143,35.8679246,,
128.5649823,35.8679593,,
128.5645503,35.8679246,,
128.5641348,35.867822,,
128.563752,35.8676555,,
128.5634164,35.8674313,,
128.563141,35.8671582,,
128.5629364,35.8668465,,
128.5628104,35.8665084,,
128.5627678,35.8661567,,
128.5628104,35.8658051,,
128.5629364,35.8654669,,
128.5631411,35.8651553,,
128.5634165,35.8648822,,
128.563752,35.864658,,
128.5641349,35.8644914,,
128.5645503,35.8643889,,
128.5649823,35.8643542,,
128.5654143,35.8643889,,
128.5658297,35.8644914,,
128.5662125,35.864658,,
128.5665481,35.8648822,,
128.5668235,35.8651553,,
128.5670282,35.8654669,,
128.5671542,35.8658051,,
128.5671967,35.8661567,,
128.5671542,35.8665084,,
128.5670282,35.8668465,,
128.5668236,35.8671582,,
128.5665482,35.867431,,
128.4423926,35.7322472,,
128.4420576,35.7324714,,
128.4416754,35.732638,,
128.4412606,35.7327405,,
128.4408293,35.7327752,,
128.440398,35.7327405,,
128.4399833,35.732638,,
128.4396011,35.7324714,,
128.4392661,35.7322472,,
128.4389912,35.7319741,,
128.4387869,35.7316624,,
128.4386611,35.7313243,,
128.4386186,35.7309726,,
128.4386611,35.730621,,
128.4387869,35.7302828,,
128.4389912,35.7299712,,
128.4392662,35.729698,,
128.4396012,35.7294739,,
128.4399834,35.7293073,,
128.4403981,35.7292047,,
128.4408293,35.7291701,,
128.4412606,35.7292047,,
128.4416753,35.7293073,,
128.4420575,35.7294739,,
128.4423925,35.729698,,
128.4426675,35.7299712,,
128.4428717,35.7302828,,
128.4429976,35.730621,,
128.44304,35.7309726,,
128.4429976,35.7313243,,
128.4428718,35.7316624,,
128.4426675,35.7319741,,
128.4423926,35.732247,,
128.5626416,35.9430829,,
128.5623057,35.943307,,
128.5619225,35.9434736,,
128.5615067,35.9435762,,
128.5610743,35.9436108,,
128.5606418,35.9435762,,
128.560226,35.9434736,,
128.5598428,35.943307,,
128.5595069,35.9430829,,
128.5592312,35.9428097,,
128.5590264,35.9424981,,
128.5589003,35.94216,,
128.5588577,35.9418083,,
128.5589003,35.9414567,,
128.5590264,35.9411185,,
128.5592313,35.9408069,,
128.5595069,35.9405338,,
128.5598428,35.9403096,,
128.560226,35.9401431,,
128.5606418,35.9400405,,
128.5610743,35.9400058,,
128.5615067,35.9400405,,
128.5619225,35.9401431,,
128.5623057,35.9403096,,
128.5626416,35.9405338,,
128.5629172,35.9408069,,
128.5631221,35.9411185,,
128.5632482,35.9414567,,
128.5632908,35.9418083,,
128.5632482,35.94216,,
128.5631221,35.9424981,,
128.5629173,35.9428097,,
128.5626416,35.943082,,
128.5985986,35.9202972,,
128.5982628,35.9205214,,
128.5978797,35.9206879,,
128.597464,35.9207905,,
128.5970317,35.9208251,,
128.5965994,35.9207905,,
128.5961837,35.9206879,,
128.5958006,35.9205214,,
128.5954648,35.9202972,,
128.5951892,35.920024,,
128.5949844,35.9197124,,
128.5948583,35.9193743,,
128.5948158,35.9190226,,
128.5948583,35.918671,,
128.5949845,35.9183328,,
128.5951892,35.9180212,,
128.5954648,35.9177481,,
128.5958006,35.9175239,,
128.5961837,35.9173574,,
128.5965994,35.9172548,,
128.5970317,35.9172202,,
128.597464,35.9172548,,
128.5978797,35.9173574,,
128.5982628,35.9175239,,
128.5985986,35.9177481,,
128.5988741,35.9180212,,
128.5990789,35.9183328,,
128.599205,35.918671,,
128.5992476,35.9190226,,
128.599205,35.9193743,,
128.599079,35.9197124,,
128.5988742,35.920024,,
128.5985986,35.920297,,
128.5244328,35.8184303,,
128.5240975,35.8186545,,
128.5237148,35.8188211,,
128.5232997,35.8189236,,
128.5228679,35.8189583,,
128.5224362,35.8189236,,
128.522021,35.8188211,,
128.5216384,35.8186545,,
128.521303,35.8184303,,
128.5210278,35.8181572,,
128.5208233,35.8178455,,
128.5206973,35.8175074,,
128.5206548,35.8171557,,
128.5206974,35.8168041,,
128.5208233,35.8164659,,
128.5210278,35.8161543,,
128.5213031,35.8158812,,
128.5216384,35.815657,,
128.522021,35.8154904,,
128.5224362,35.8153879,,
128.5228679,35.8153532,,
128.5232997,35.8153879,,
128.5237148,35.8154904,,
128.5240974,35.815657,,
128.5244328,35.8158812,,
128.524708,35.8161543,,
128.5249125,35.8164659,,
128.5250385,35.8168041,,
128.525081,35.8171557,,
128.5250385,35.8175074,,
128.5249126,35.8178455,,
128.5247081,35.8181572,,
128.5244328,35.81843,,
128.5328418,35.8329419,,
128.5325064,35.8331661,,
128.5321237,35.8333326,,
128.5317085,35.8334352,,
128.5312766,35.8334698,,
128.5308448,35.8334352,,
128.5304295,35.8333326,,
128.5300469,35.8331661,,
128.5297114,35.8329419,,
128.5294362,35.8326687,,
128.5292316,35.8323571,,
128.5291057,35.832019,,
128.5290631,35.8316673,,
128.5291057,35.8313157,,
128.5292317,35.8309775,,
128.5294362,35.8306659,,
128.5297115,35.8303927,,
128.5300469,35.8301686,,
128.5304296,35.830002,,
128.5308448,35.8298994,,
128.5312766,35.8298648,,
128.5317085,35.8298994,,
128.5321237,35.830002,,
128.5325064,35.8301686,,
128.5328418,35.8303927,,
128.5331171,35.8306659,,
128.5333216,35.8309775,,
128.5334476,35.8313157,,
128.5334901,35.8316673,,
128.5334476,35.832019,,
128.5333217,35.8323571,,
128.5331171,35.8326687,,
128.5328418,35.832941,,
128.5998177,35.8415557,,
128.5994823,35.8417798,,
128.5990996,35.8419464,,
128.5986843,35.842049,,
128.5982524,35.8420836,,
128.5978205,35.842049,,
128.5974052,35.8419464,,
128.5970225,35.8417798,,
128.596687,35.8415557,,
128.5964117,35.8412825,,
128.5962071,35.8409709,,
128.5960812,35.8406327,,
128.5960386,35.8402811,,
128.5960812,35.8399294,,
128.5962072,35.8395913,,
128.5964117,35.8392797,,
128.5966871,35.8390065,,
128.5970225,35.8387823,,
128.5974052,35.8386158,,
128.5978205,35.8385132,,
128.5982524,35.8384786,,
128.5986842,35.8385132,,
128.5990995,35.8386158,,
128.5994822,35.8387823,,
128.5998177,35.8390065,,
128.600093,35.8392797,,
128.6002976,35.8395913,,
128.6004236,35.8399294,,
128.6004661,35.8402811,,
128.6004236,35.8406327,,
128.6002976,35.8409709,,
128.6000931,35.8412825,,
128.5998177,35.841555,,
128.5327176,35.8233808,,
128.5323822,35.823605,,
128.5319996,35.8237715,,
128.5315844,35.8238741,,
128.5311526,35.8239087,,
128.5307208,35.8238741,,
128.5303056,35.8237715,,
128.5299229,35.823605,,
128.5295876,35.8233808,,
128.5293123,35.8231076,,
128.5291078,35.822796,,
128.5289819,35.8224579,,
128.5289393,35.8221062,,
128.5289819,35.8217545,,
128.5291078,35.8214164,,
128.5293124,35.8211048,,
128.5295876,35.8208316,,
128.529923,35.8206075,,
128.5303056,35.8204409,,
128.5307208,35.8203383,,
128.5311526,35.8203037,,
128.5315843,35.8203383,,
128.5319995,35.8204409,,
128.5323821,35.8206075,,
128.5327175,35.8208316,,
128.5329928,35.8211048,,
128.5331973,35.8214164,,
128.5333233,35.8217545,,
128.5333658,35.8221062,,
128.5333233,35.8224579,,
128.5331973,35.822796,,
128.5329928,35.8231076,,
128.5327176,35.82338,,
128.5486047,35.8225781,,
128.5482693,35.8228022,,
128.5478867,35.8229688,,
128.5474715,35.8230714,,
128.5470397,35.823106,,
128.5466079,35.8230714,,
128.5461928,35.8229688,,
128.5458101,35.8228022,,
128.5454747,35.8225781,,
128.5451995,35.8223049,,
128.544995,35.8219933,,
128.544869,35.8216551,,
128.5448265,35.8213035,,
128.5448691,35.8209518,,
128.544995,35.8206137,,
128.5451995,35.8203021,,
128.5454748,35.8200289,,
128.5458102,35.8198048,,
128.5461928,35.8196382,,
128.546608,35.8195356,,
128.5470397,35.819501,,
128.5474715,35.8195356,,
128.5478867,35.8196382,,
128.5482693,35.8198048,,
128.5486047,35.8200289,,
128.5488799,35.8203021,,
128.5490844,35.8206137,,
128.5492104,35.8209518,,
128.5492529,35.8213035,,
128.5492104,35.8216551,,
128.5490845,35.8219933,,
128.54888,35.8223049,,
128.5486047,35.822578,,
129.1787495,35.1724207,,
129.1784168,35.1726449,,
129.1780372,35.1728115,,
129.1776254,35.1729141,,
129.1771971,35.1729487,,
129.1767687,35.1729141,,
129.1763569,35.1728115,,
129.1759773,35.1726449,,
129.1756446,35.1724207,,
129.1753716,35.1721475,,
129.1751687,35.1718358,,
129.1750438,35.1714977,,
129.1750016,35.171146,,
129.1750438,35.1707943,,
129.1751688,35.1704561,,
129.1753716,35.1701444,,
129.1756447,35.1698713,,
129.1759774,35.1696471,,
129.1763569,35.1694805,,
129.1767688,35.1693779,,
129.1771971,35.1693433,,
129.1776254,35.1693779,,
129.1780372,35.1694805,,
129.1784168,35.1696471,,
129.1787495,35.1698713,,
129.1790225,35.1701444,,
129.1792254,35.1704561,,
129.1793503,35.1707943,,
129.1793925,35.171146,,
129.1793503,35.1714977,,
129.1792254,35.1718358,,
129.1790225,35.1721475,,
129.1787495,35.17242,,
128.538391,35.8122146,,
128.5380557,35.8124388,,
128.5376731,35.8126053,,
128.5372579,35.8127079,,
128.5368262,35.8127425,,
128.5363945,35.8127079,,
128.5359794,35.8126053,,
128.5355968,35.8124388,,
128.5352614,35.8122146,,
128.5349862,35.8119414,,
128.5347817,35.8116298,,
128.5346558,35.8112916,,
128.5346133,35.81094,,
128.5346558,35.8105883,,
128.5347818,35.8102502,,
128.5349863,35.8099386,,
128.5352615,35.8096654,,
128.5355968,35.8094413,,
128.5359794,35.8092747,,
128.5363945,35.8091721,,
128.5368262,35.8091375,,
128.5372579,35.8091721,,
128.537673,35.8092747,,
128.5380556,35.8094413,,
128.538391,35.8096654,,
128.5386662,35.8099386,,
128.5388707,35.8102502,,
128.5389966,35.8105883,,
128.5390391,35.81094,,
128.5389966,35.8112916,,
128.5388707,35.8116298,,
128.5386662,35.8119414,,
128.538391,35.812214,,
128.5597525,35.9338313,,
128.5594166,35.9340555,,
128.5590334,35.934222,,
128.5586177,35.9343246,,
128.5581853,35.9343592,,
128.5577529,35.9343246,,
128.5573371,35.934222,,
128.5569539,35.9340555,,
128.5566181,35.9338313,,
128.5563425,35.9335582,,
128.5561377,35.9332465,,
128.5560115,35.9329084,,
128.555969,35.9325567,,
128.5560116,35.9322051,,
128.5561377,35.931867,,
128.5563425,35.9315553,,
128.5566181,35.9312822,,
128.556954,35.931058,,
128.5573372,35.9308915,,
128.5577529,35.9307889,,
128.5581853,35.9307543,,
128.5586176,35.9307889,,
128.5590334,35.9308915,,
128.5594166,35.931058,,
128.5597524,35.9312822,,
128.560028,35.9315553,,
128.5602329,35.931867,,
128.560359,35.9322051,,
128.5604016,35.9325567,,
128.560359,35.9329084,,
128.5602329,35.9332465,,
128.5600281,35.9335582,,
128.5597525,35.933831,,
128.6402461,35.8562407,,
128.6399105,35.8564649,,
128.6395277,35.8566315,,
128.6391124,35.8567341,,
128.6386804,35.8567687,,
128.6382484,35.8567341,,
128.6378331,35.8566315,,
128.6374503,35.8564649,,
128.6371147,35.8562407,,
128.6368394,35.8559676,,
128.6366348,35.855656,,
128.6365088,35.8553178,,
128.6364663,35.8549662,,
128.6365088,35.8546145,,
128.6366348,35.8542764,,
128.6368394,35.8539648,,
128.6371148,35.8536916,,
128.6374503,35.8534674,,
128.6378331,35.8533009,,
128.6382485,35.8531983,,
128.6386804,35.8531637,,
128.6391123,35.8531983,,
128.6395277,35.8533009,,
128.6399105,35.8534674,,
128.640246,35.8536916,,
128.6405214,35.8539648,,
128.640726,35.8542764,,
128.640852,35.8546145,,
128.6408945,35.8549662,,
128.640852,35.8553178,,
128.640726,35.855656,,
128.6405214,35.8559676,,
128.6402461,35.85624,,
128.6363557,35.8251087,,
128.6360203,35.8253328,,
128.6356377,35.8254994,,
128.6352225,35.825602,,
128.6347907,35.8256366,,
128.6343589,35.825602,,
128.6339437,35.8254994,,
128.633561,35.8253328,,
128.6332256,35.8251087,,
128.6329504,35.8248355,,
128.6327459,35.8245239,,
128.6326199,35.8241857,,
128.6325774,35.8238341,,
128.6326199,35.8234824,,
128.6327459,35.8231443,,
128.6329504,35.8228327,,
128.6332257,35.8225595,,
128.6335611,35.8223354,,
128.6339437,35.8221688,,
128.6343589,35.8220662,,
128.6347907,35.8220316,,
128.6352225,35.8220662,,
128.6356377,35.8221688,,
128.6360203,35.8223354,,
128.6363557,35.8225595,,
128.6366309,35.8228327,,
128.6368355,35.8231443,,
128.6369614,35.8234824,,
128.637004,35.8238341,,
128.6369614,35.8241857,,
128.6368355,35.8245239,,
128.636631,35.8248355,,
128.6363557,35.825108,,
128.5468932,35.8515049,,
128.5465577,35.851729,,
128.546175,35.8518956,,
128.5457596,35.8519982,,
128.5453277,35.8520328,,
128.5448957,35.8519982,,
128.5444804,35.8518956,,
128.5440976,35.851729,,
128.5437621,35.8515049,,
128.5434868,35.8512317,,
128.5432822,35.8509201,,
128.5431562,35.8505819,,
128.5431137,35.8502303,,
128.5431562,35.8498786,,
128.5432822,35.8495405,,
128.5434868,35.8492289,,
128.5437622,35.8489557,,
128.5440977,35.8487316,,
128.5444804,35.848565,,
128.5448958,35.8484624,,
128.5453277,35.8484278,,
128.5457596,35.8484624,,
128.5461749,35.848565,,
128.5465577,35.8487316,,
128.5468932,35.8489557,,
128.5471685,35.8492289,,
128.5473731,35.8495405,,
128.5474991,35.8498786,,
128.5475417,35.8502303,,
128.5474992,35.8505819,,
128.5473732,35.8509201,,
128.5471686,35.8512317,,
128.5468932,35.851504,,
128.5114411,35.8563449,,
128.5111055,35.856569,,
128.5107227,35.8567356,,
128.5103074,35.8568382,,
128.5098754,35.8568728,,
128.5094434,35.8568382,,
128.5090281,35.8567356,,
128.5086453,35.856569,,
128.5083097,35.8563449,,
128.5080344,35.8560717,,
128.5078298,35.8557601,,
128.5077038,35.8554219,,
128.5076613,35.8550703,,
128.5077038,35.8547186,,
128.5078298,35.8543805,,
128.5080344,35.8540689,,
128.5083098,35.8537957,,
128.5086453,35.8535716,,
128.5090281,35.853405,,
128.5094434,35.8533024,,
128.5098754,35.8532678,,
128.5103073,35.8533024,,
128.5107227,35.853405,,
128.5111055,35.8535716,,
128.511441,35.8537957,,
128.5117164,35.8540689,,
128.511921,35.8543805,,
128.512047,35.8547186,,
128.5120895,35.8550703,,
128.512047,35.8554219,,
128.511921,35.8557601,,
128.5117164,35.8560717,,
128.5114411,35.856344,,
128.5555663,35.9387785,,
128.5552304,35.9390027,,
128.5548472,35.9391693,,
128.5544314,35.9392718,,
128.553999,35.9393065,,
128.5535666,35.9392718,,
128.5531508,35.9391693,,
128.5527676,35.9390027,,
128.5524317,35.9387785,,
128.5521561,35.9385054,,
128.5519512,35.9381938,,
128.5518251,35.9378556,,
128.5517825,35.937504,,
128.5518251,35.9371523,,
128.5519513,35.9368142,,
128.5521561,35.9365026,,
128.5524317,35.9362294,,
128.5527676,35.9360053,,
128.5531508,35.9358387,,
128.5535666,35.9357361,,
128.553999,35.9357015,,
128.5544314,35.9357361,,
128.5548472,35.9358387,,
128.5552303,35.9360053,,
128.5555662,35.9362294,,
128.5558419,35.9365026,,
128.5560467,35.9368142,,
128.5561728,35.9371523,,
128.5562154,35.937504,,
128.5561728,35.9378556,,
128.5560467,35.9381938,,
128.5558419,35.9385054,,
128.5555663,35.938778,,
128.5331806,35.8234012,,
128.5328452,35.8236254,,
128.5324625,35.823792,,
128.5320473,35.8238946,,
128.5316156,35.8239292,,
128.5311838,35.8238946,,
128.5307686,35.823792,,
128.5303859,35.8236254,,
128.5300505,35.8234012,,
128.5297753,35.8231281,,
128.5295708,35.8228164,,
128.5294448,35.8224783,,
128.5294023,35.8221266,,
128.5294449,35.821775,,
128.5295708,35.8214369,,
128.5297753,35.8211252,,
128.5300506,35.8208521,,
128.530386,35.8206279,,
128.5307686,35.8204614,,
128.5311838,35.8203588,,
128.5316156,35.8203241,,
128.5320473,35.8203588,,
128.5324625,35.8204614,,
128.5328451,35.8206279,,
128.5331805,35.8208521,,
128.5334558,35.8211252,,
128.5336603,35.8214369,,
128.5337863,35.821775,,
128.5338288,35.8221266,,
128.5337863,35.8224783,,
128.5336603,35.8228164,,
128.5334558,35.8231281,,
128.5331806,35.823401,,
128.5656202,35.8665455,,
128.5652847,35.8667697,,
128.5649018,35.8669363,,
128.5644864,35.8670389,,
128.5640544,35.8670735,,
128.5636223,35.8670389,,
128.5632069,35.8669363,,
128.5628241,35.8667697,,
128.5624885,35.8665455,,
128.5622131,35.8662724,,
128.5620085,35.8659608,,
128.5618825,35.8656226,,
128.5618399,35.865271,,
128.5618825,35.8649193,,
128.5620085,35.8645812,,
128.5622132,35.8642696,,
128.5624886,35.8639964,,
128.5628241,35.8637723,,
128.563207,35.8636057,,
128.5636224,35.8635031,,
128.5640544,35.8634685,,
128.5644864,35.8635031,,
128.5649018,35.8636057,,
128.5652846,35.8637723,,
128.5656202,35.8639964,,
128.5658956,35.8642696,,
128.5661002,35.8645812,,
128.5662262,35.8649193,,
128.5662688,35.865271,,
128.5662262,35.8656226,,
128.5661002,35.8659608,,
128.5658956,35.8662724,,
128.5656202,35.866545,,
128.5348999,35.8196222,,
128.5345645,35.8198463,,
128.5341819,35.8200129,,
128.5337667,35.8201155,,
128.5333349,35.8201501,,
128.5329032,35.8201155,,
128.532488,35.8200129,,
128.5321054,35.8198463,,
128.53177,35.8196222,,
128.5314948,35.819349,,
128.5312902,35.8190374,,
128.5311643,35.8186992,,
128.5311218,35.8183476,,
128.5311643,35.8179959,,
128.5312903,35.8176578,,
128.5314948,35.8173462,,
128.53177,35.817073,,
128.5321054,35.8168488,,
128.532488,35.8166823,,
128.5329032,35.8165797,,
128.5333349,35.8165451,,
128.5337667,35.8165797,,
128.5341818,35.8166823,,
128.5345644,35.8168488,,
128.5348998,35.817073,,
128.535175,35.8173462,,
128.5353796,35.8176578,,
128.5355055,35.8179959,,
128.535548,35.8183476,,
128.5355055,35.8186992,,
128.5353796,35.8190374,,
128.5351751,35.819349,,
128.5348999,35.819622,,
128.359037,36.12651857,,
128.3590269,36.1263615,,
128.3589998,36.12620574,,
128.3589562,36.12605248,,
128.3588963,36.12590289,,
128.3588205,36.12575811,,
128.3587295,36.12561923,,
128.3586238,36.12548733,,
128.3585045,36.12536339,,
128.3583722,36.12524836,,
128.3582281,36.12514312,,
128.3580733,36.12504848,,
128.3579088,36.12496514,,
128.3577361,36.12489374,,
128.3575563,36.12483483,,
128.3573709,36.12478886,,
128.3571812,36.12475617,,
128.3569888,36.12473702,,
128.356795,36.12473154,,
128.3566014,36.12473979,,
128.3564094,36.12476169,,
128.3562205,36.12479709,,
128.3560361,36.12484571,,
128.3558577,36.12490718,,
128.3556865,36.12498103,,
128.3555239,36.12506671,,
128.3553711,36.12516356,,
128.3552293,36.12527084,,
128.3550996,36.12538774,,
128.354983,36.12551337,,
128.3548802,36.12564677,,
128.3547922,36.12578692,,
128.3547196,36.12593277,,
128.3546629,36.12608319,,
128.3546226,36.12623705,,
128.354599,36.12639317,,
128.3545923,36.12655037,,
128.3546024,36.12670744,,
128.3546294,36.1268632,,
128.354673,36.12701646,,
128.354733,36.12716606,,
128.3548087,36.12731084,,
128.3548998,36.12744972,,
128.3550054,36.12758163,,
128.3551248,36.12770557,,
128.355257,36.1278206,,
128.3554011,36.12792584,,
128.355556,36.12802049,,
128.3557204,36.12810383,,
128.3558932,36.12817523,,
128.3560729,36.12823414,,
128.3562584,36.12828012,,
128.356448,36.12831281,,
128.3566405,36.12833196,,
128.3568342,36.12833744,,
128.3570279,36.12832919,,
128.3572199,36.12830729,,
128.3574088,36.12827189,,
128.3575932,36.12822327,,
128.3577716,36.12816179,,
128.3579428,36.12808794,,
128.3581054,36.12800225,,
128.3582582,36.1279054,,
128.3584,36.12779812,,
128.3585297,36.12768121,,
128.3586464,36.12755558,,
128.3587491,36.12742218,,
128.3588371,36.12728202,,
128.3589097,36.12713618,,
128.3589664,36.12698575,,
128.3590067,36.12683189,,
128.3590303,36.12667577,,
128.359037,36.12651857,,
126.9044687,35.13823289,,
126.9044615,35.13807568,,
126.9044376,35.13791958,,
126.9043973,35.13776578,,
126.9043408,35.13761546,,
126.9042686,35.13746975,,
126.9041812,35.13732977,,
126.9040792,35.13719658,,
126.9039635,35.1370712,,
126.903835,35.13695457,,
126.9036946,35.13684759,,
126.9035433,35.13675107,,
126.9033824,35.13666575,,
126.9032131,35.13659227,,
126.9030366,35.13653119,,
126.9028543,35.13648298,,
126.9026676,35.13644801,,
126.9024778,35.13642654,,
126.9022866,35.13641873,,
126.9020952,35.13642465,,
126.9019052,35.13644425,,
126.9017179,35.13647738,,
126.9015349,35.13652378,,
126.9013576,35.13658311,,
126.9011872,35.13665492,,
126.901025,35.13673865,,
126.9008724,35.13683367,,
126.9007304,35.13693926,,
126.9006002,35.13705461,,
126.9004827,35.13717884,,
126.9003788,35.13731102,,
126.9002893,35.13745012,,
126.900215,35.13759511,,
126.9001563,35.13774486,,
126.9001137,35.13789825,,
126.9000876,35.1380541,,
126.9000781,35.13821123,,
126.9000853,35.13836845,,
126.9001091,35.13852455,,
126.9001494,35.13867835,,
126.9002059,35.13882867,,
126.9002782,35.13897438,,
126.9003656,35.13911436,,
126.9004675,35.13924756,,
126.9005832,35.13937295,,
126.9007117,35.13948958,,
126.9008521,35.13959656,,
126.9010034,35.13969308,,
126.9011643,35.13977841,,
126.9013336,35.13985189,,
126.9015101,35.13991297,,
126.9016924,35.13996118,,
126.9018792,35.13999615,,
126.9020689,35.14001762,,
126.9022602,35.14002543,,
126.9024516,35.14001951,,
126.9026416,35.13999991,,
126.9028288,35.13996679,,
126.9030119,35.13992038,,
126.9031892,35.13986104,,
126.9033596,35.13978924,,
126.9035218,35.1397055,,
126.9036744,35.13961048,,
126.9038164,35.13950489,,
126.9039466,35.13938954,,
126.9040641,35.1392653,,
126.904168,35.13913312,,
126.9042575,35.13899401,,
126.9043318,35.13884902,,
126.9043905,35.13869926,,
126.9044331,35.13854588,,
126.9044592,35.13839002,,
126.9044687,35.13823289,,
126.7142166,37.46762117,,
126.7142062,37.46738543,,
126.71417,37.46715131,,
126.7141084,37.46692059,,
126.7140218,37.46669504,,
126.7139108,37.46647636,,
126.7137763,37.46626622,,
126.7136194,37.46606622,,
126.7134412,37.46587788,,
126.7132431,37.46570264,,
126.7130266,37.46554183,,
126.7127933,37.46539667,,
126.7125451,37.46526827,,
126.7122837,37.4651576,,
126.7120113,37.46506551,,
126.7117298,37.4649927,,
126.7114414,37.46493972,,
126.7111483,37.46490697,,
126.7108528,37.46489471,,
126.7105571,37.46490302,,
126.7102633,37.46493185,,
126.7099739,37.46498097,,
126.7096909,37.46505001,,
126.7094166,37.46513845,,
126.7091529,37.46524561,,
126.708902,37.46537068,,
126.7086657,37.46551271,,
126.7084459,37.4656706,,
126.7082441,37.46584317,,
126.708062,37.4660291,,
126.7079009,37.46622698,,
126.707762,37.46643529,,
126.7076465,37.46665246,,
126.7075551,37.46687682,,
126.7074886,37.46710668,,
126.7074475,37.46734029,,
126.7074321,37.46757586,,
126.7074426,37.4678116,,
126.7074787,37.46804572,,
126.7075403,37.46827644,,
126.7076269,37.468502,,
126.7077379,37.46872069,,
126.7078723,37.46893083,,
126.7080293,37.46913084,,
126.7082074,37.46931918,,
126.7084055,37.46949443,,
126.7086221,37.46965525,,
126.7088553,37.46980042,,
126.7091036,37.46992883,,
126.7093649,37.47003951,,
126.7096374,37.4701316,,
126.7099189,37.47020442,,
126.7102073,37.47025741,,
126.7105004,37.47029016,,
126.710796,37.47030242,,
126.7110917,37.47029411,,
126.7113855,37.47026528,,
126.7116749,37.47021615,,
126.7119579,37.4701471,,
126.7122323,37.47005866,,
126.712496,37.46995149,,
126.7127469,37.46982641,,
126.7129832,37.46968438,,
126.713203,37.46952648,,
126.7134048,37.4693539,,
126.7135869,37.46916796,,
126.713748,37.46897008,,
126.7138869,37.46876176,,
126.7140024,37.46854458,,
126.7140937,37.46832021,,
126.7141602,37.46809035,,
126.7142013,37.46785674,,
126.7142166,37.46762117,,
128.539193,35.83763957,,
128.5391825,35.83748251,,
128.5391552,35.83732678,,
128.5391114,35.83717359,,
128.5390514,35.83702408,,
128.5389756,35.8368794,,
128.5388846,35.83674066,,
128.5387791,35.8366089,,
128.5386598,35.83648513,,
128.5385278,35.83637029,,
128.538384,35.83626526,,
128.5382295,35.83617083,,
128.5380655,35.83608773,,
128.5378932,35.83601658,,
128.537714,35.83595793,,
128.5375292,35.83591223,,
128.5373401,35.83587981,,
128.5371484,35.83586093,,
128.5369553,35.83585574,,
128.5367624,35.83586426,,
128.5365712,35.83588645,,
128.536383,35.83592212,,
128.5361994,35.835971,,
128.5360217,35.83603273,,
128.5358514,35.83610684,,
128.5356895,35.83619275,,
128.5355375,35.83628982,,
128.5353965,35.83639731,,
128.5352675,35.8365144,,
128.5351516,35.8366402,,
128.5350495,35.83677375,,
128.5349621,35.83691404,,
128.5348901,35.83705999,,
128.5348339,35.8372105,,
128.5347941,35.83736442,,
128.5347709,35.83752058,,
128.5347646,35.83767779,,
128.534775,35.83783486,,
128.5348023,35.83799058,,
128.5348461,35.83814378,,
128.5349061,35.83829329,,
128.5349819,35.83843797,,
128.5350729,35.83857672,,
128.5351784,35.83870848,,
128.5352976,35.83883225,,
128.5354296,35.83894709,,
128.5355734,35.83905213,,
128.5357279,35.83914656,,
128.535892,35.83922966,,
128.5360642,35.83930082,,
128.5362435,35.83935947,,
128.5364283,35.83940518,,
128.5366174,35.83943759,,
128.5368092,35.83945647,,
128.5370022,35.83946167,,
128.5371951,35.83945314,,
128.5373864,35.83943096,,
128.5375745,35.83939529,,
128.5377581,35.8393464,,
128.5379358,35.83928466,,
128.5381062,35.83921056,,
128.538268,35.83912464,,
128.53842,35.83902756,,
128.5385611,35.83892007,,
128.5386901,35.83880298,,
128.538806,35.83867717,,
128.5389081,35.83854362,,
128.5389955,35.83840333,,
128.5390675,35.83825738,,
128.5391236,35.83810687,,
128.5391634,35.83795295,,
128.5391866,35.83779679,,
128.539193,35.83763957,,
126.8284885,37.55394415,,
126.8284813,37.55378699,,
126.8284569,37.55363093,,
126.8284155,37.55347716,,
126.8283575,37.55332684,,
126.8282832,37.55318112,,
126.8281933,37.55304111,,
126.8280883,37.55290788,,
126.8279692,37.55278243,,
126.8278368,37.55266573,,
126.8276921,37.55255865,,
126.8275363,37.55246203,,
126.8273704,37.55237658,,
126.8271959,37.55230297,,
126.8270139,37.55224175,,
126.826826,37.55219339,,
126.8266334,37.55215825,,
126.8264378,37.55213661,,
126.8262405,37.55212862,,
126.8260431,37.55213436,,
126.8258471,37.55215377,,
126.825654,37.5521867,,
126.8254652,37.55223291,,
126.8252821,37.55229205,,
126.8251063,37.55236366,,
126.8249389,37.55244721,,
126.8247813,37.55254204,,
126.8246348,37.55264745,,
126.8245003,37.55276263,,
126.8243789,37.55288671,,
126.8242716,37.55301873,,
126.8241791,37.5531577,,
126.8241022,37.55330256,,
126.8240414,37.5534522,,
126.8239973,37.55360548,,
126.8239701,37.55376125,,
126.8239601,37.55391831,,
126.8239673,37.55407547,,
126.8239917,37.55423153,,
126.824033,37.55438531,,
126.8240911,37.55453563,,
126.8241653,37.55468135,,
126.8242553,37.55482136,,
126.8243602,37.5549546,,
126.8244793,37.55508005,,
126.8246117,37.55519675,,
126.8247564,37.55530383,,
126.8249123,37.55540046,,
126.8250781,37.55548591,,
126.8252527,37.55555952,,
126.8254346,37.55562075,,
126.8256226,37.55566911,,
126.8258151,37.55570425,,
126.8260108,37.55572589,,
126.8262081,37.55573388,,
126.8264055,37.55572815,,
126.8266015,37.55570874,,
126.8267947,37.5556758,,
126.8269835,37.55562958,,
126.8271665,37.55557044,,
126.8273424,37.55549883,,
126.8275097,37.55541528,,
126.8276673,37.55532044,,
126.8278139,37.55521503,,
126.8279484,37.55509984,,
126.8280697,37.55497577,,
126.8281771,37.55484374,,
126.8282695,37.55470477,,
126.8283464,37.55455991,,
126.8284072,37.55441027,,
126.8284513,37.55425698,,
126.8284785,37.55410121,,
126.8284885,37.55394415,,
126.9155319,37.61549067,,
126.9155245,37.61533352,,
126.9155,37.61517748,,
126.9154584,37.61502374,,
126.9154001,37.61487347,,
126.9153256,37.61472781,,
126.9152354,37.61458787,,
126.9151302,37.61445471,,
126.9150108,37.61432936,,
126.9148782,37.61421275,,
126.9147333,37.61410579,,
126.9145772,37.61400928,,
126.9144111,37.61392396,,
126.9142364,37.61385048,,
126.9140542,37.61378939,,
126.913866,37.61374117,,
126.9136733,37.61370617,,
126.9134775,37.61368467,,
126.91328,37.61367683,,
126.9130825,37.61368271,,
126.9128863,37.61370226,,
126.9126931,37.61373533,,
126.9125042,37.61378168,,
126.912321,37.61384095,,
126.9121451,37.61391269,,
126.9119777,37.61399636,,
126.9118201,37.6140913,,
126.9116736,37.61419682,,
126.9115391,37.61431209,,
126.9114178,37.61443625,,
126.9113105,37.61456835,,
126.9112181,37.61470738,,
126.9111413,37.61485229,,
126.9110807,37.61500197,,
126.9110367,37.61515529,,
126.9110097,37.61531107,,
126.9109998,37.61546813,,
126.9110072,37.61562528,,
126.9110318,37.61578132,,
126.9110733,37.61593506,,
126.9111316,37.61608534,,
126.9112061,37.616231,,
126.9112963,37.61637094,,
126.9114015,37.6165041,,
126.9115208,37.61662946,,
126.9116535,37.61674607,,
126.9117984,37.61685304,,
126.9119545,37.61694955,,
126.9121205,37.61703487,,
126.9122953,37.61710836,,
126.9124775,37.61716945,,
126.9126657,37.61721767,,
126.9128584,37.61725267,,
126.9130543,37.61727417,,
126.9132517,37.61728201,,
126.9134493,37.61727614,,
126.9136454,37.61725658,,
126.9138387,37.61722351,,
126.9140276,37.61717716,,
126.9142107,37.61711788,,
126.9143867,37.61704614,,
126.914554,37.61696247,,
126.9147116,37.61686752,,
126.9148582,37.616762,,
126.9149927,37.61664672,,
126.915114,37.61652256,,
126.9152213,37.61639046,,
126.9153136,37.61625142,,
126.9153904,37.61610651,,
126.9154511,37.61595683,,
126.9154951,37.61580351,,
126.9155221,37.61564773,,
126.9155319,37.61549067,,
126.9312076,37.62498856,,
126.9312002,37.62483141,,
126.9311756,37.62467537,,
126.931134,37.62452164,,
126.9310757,37.62437138,,
126.9310011,37.62422573,,
126.9309109,37.6240858,,
126.9308057,37.62395266,,
126.9306863,37.62382732,,
126.9305536,37.62371073,,
126.9304086,37.62360379,,
126.9302525,37.6235073,,
126.9300864,37.623422,,
126.9299116,37.62334854,,
126.9297294,37.62328748,,
126.9295412,37.62323928,,
126.9293484,37.62320431,,
126.9291526,37.62318284,,
126.9289551,37.62317502,,
126.9287575,37.62318093,,
126.9285613,37.6232005,,
126.9283681,37.62323361,,
126.9281791,37.62327998,,
126.927996,37.62333927,,
126.9278201,37.62341103,,
126.9276527,37.62349472,,
126.9274951,37.62358969,,
126.9273485,37.62369522,,
126.9272141,37.62381051,,
126.9270927,37.62393469,,
126.9269855,37.6240668,,
126.9268931,37.62420585,,
126.9268164,37.62435076,,
126.9267558,37.62450045,,
126.9267118,37.62465377,,
126.9266848,37.62480956,,
126.926675,37.62496662,,
126.9266824,37.62512377,,
126.926707,37.6252798,,
126.9267486,37.62543354,,
126.9268069,37.6255838,,
126.9268814,37.62572946,,
126.9269717,37.62586939,,
126.9270769,37.62600253,,
126.9271963,37.62612787,,
126.927329,37.62624446,,
126.9274739,37.62635141,,
126.92763,37.6264479,,
126.9277962,37.62653321,,
126.927971,37.62660667,,
126.9281532,37.62666773,,
126.9283414,37.62671593,,
126.9285342,37.6267509,,
126.92873,37.62677238,,
126.9289275,37.6267802,,
126.9291251,37.62677429,,
126.9293213,37.62675471,,
126.9295146,37.62672161,,
126.9297035,37.62667523,,
126.9298866,37.62661594,,
126.9300625,37.62654417,,
126.9302299,37.62646049,,
126.9303875,37.62636551,,
126.9305341,37.62625998,,
126.9306686,37.62614468,,
126.9307899,37.6260205,,
126.9308971,37.62588839,,
126.9309895,37.62574934,,
126.9310663,37.62560442,,
126.9311269,37.62545473,,
126.9311708,37.62530141,,
126.9311978,37.62514562,,
126.9312076,37.62498856,,
127.0403087,37.65221845,,
127.0402972,37.65198274,,
127.0402599,37.65174872,,
127.0401971,37.65151818,,
127.0401093,37.65129286,,
127.0399971,37.65107449,,
127.0398614,37.65086473,,
127.0397033,37.65066516,,
127.0395238,37.65047732,,
127.0393245,37.65030263,,
127.0391067,37.65014241,,
127.0388722,37.6499979,,
127.0386228,37.64987018,,
127.0383603,37.64976023,,
127.0380868,37.64966889,,
127.0378043,37.64959685,,
127.037515,37.64954466,,
127.037221,37.64951272,,
127.0369247,37.64950126,,
127.0366283,37.64951039,,
127.036334,37.64954002,,
127.036044,37.64958994,,
127.0357606,37.64965976,,
127.035486,37.64974895,,
127.0352221,37.64985683,,
127.0349711,37.64998258,,
127.0347349,37.65012525,,
127.0345152,37.65028375,,
127.0343136,37.65045687,,
127.0341319,37.65064329,,
127.0339712,37.65084161,,
127.0338329,37.6510503,,
127.033718,37.65126777,,
127.0336274,37.65149239,,
127.0335618,37.65172243,,
127.0335216,37.65195614,,
127.0335072,37.65219174,,
127.0335186,37.65242746,,
127.0335559,37.65266147,,
127.0336187,37.65289202,,
127.0337065,37.65311734,,
127.0338186,37.65333571,,
127.0339543,37.65354549,,
127.0341125,37.65374506,,
127.0342919,37.65393291,,
127.0344913,37.65410761,,
127.034709,37.65426783,,
127.0349435,37.65441236,,
127.035193,37.65454009,,
127.0354554,37.65465004,,
127.035729,37.65474139,,
127.0360115,37.65481343,,
127.0363008,37.65486563,,
127.0365948,37.65489757,,
127.0368911,37.65490902,,
127.0371876,37.6548999,,
127.037482,37.65487026,,
127.0377719,37.65482034,,
127.0380553,37.65475052,,
127.03833,37.65466133,,
127.0385938,37.65455344,,
127.0388448,37.65442768,,
127.0390811,37.654285,,
127.0393008,37.65412649,,
127.0395023,37.65395336,,
127.0396841,37.65376693,,
127.0398448,37.65356861,,
127.039983,37.65335991,,
127.0400979,37.65314243,,
127.0401885,37.65291781,,
127.0402542,37.65268777,,
127.0402943,37.65245405,,
127.0403087,37.65221845,,
126.8803011,35.15551474,,
126.8802903,35.15527892,,
126.8802546,35.15504477,,
126.8801942,35.15481406,,
126.8801095,35.15458857,,
126.8800012,35.15436999,,
126.8798701,35.15415999,,
126.8797172,35.15396018,,
126.8795437,35.15377207,,
126.8793509,35.1535971,,
126.8791403,35.15343659,,
126.8789134,35.15329176,,
126.8786721,35.15316373,,
126.878418,35.15305346,,
126.8781533,35.15296179,,
126.8778798,35.15288943,,
126.8775997,35.15283691,,
126.877315,35.15280465,,
126.8770281,35.15279288,,
126.8767409,35.15280169,,
126.8764558,35.15283103,,
126.8761749,35.15288066,,
126.8759004,35.15295021,,
126.8756342,35.15303915,,
126.8753785,35.1531468,,
126.8751353,35.15327234,,
126.8749062,35.15341482,,
126.8746931,35.15357315,,
126.8744977,35.15374613,,
126.8743214,35.15393244,,
126.8741655,35.15413066,,
126.8740312,35.15433929,,
126.8739195,35.15455674,,
126.8738314,35.15478135,,
126.8737675,35.15501141,,
126.8737282,35.15524518,,
126.8737138,35.15548087,,
126.8737246,35.15571668,,
126.8737603,35.15595084,,
126.8738207,35.15618154,,
126.8739054,35.15640704,,
126.8740137,35.15662563,,
126.8741447,35.15683563,,
126.8742976,35.15703545,,
126.8744711,35.15722357,,
126.8746639,35.15739855,,
126.8748745,35.15755907,,
126.8751014,35.1577039,,
126.8753427,35.15783194,,
126.8755968,35.15794221,,
126.8758616,35.15803389,,
126.8761351,35.15810626,,
126.8764152,35.15815878,,
126.8766998,35.15819104,,
126.8769868,35.15820281,,
126.877274,35.158194,,
126.8775591,35.15816466,,
126.87784,35.15811503,,
126.8781146,35.15804547,,
126.8783807,35.15795653,,
126.8786364,35.15784887,,
126.8788797,35.15772333,,
126.8791088,35.15758084,,
126.8793219,35.1574225,,
126.8795173,35.15724951,,
126.8796936,35.1570632,,
126.8798495,35.15686496,,
126.8799838,35.15665633,,
126.8800954,35.15643888,,
126.8801835,35.15621426,,
126.8802475,35.15598419,,
126.8802867,35.15575043,,
126.8803011,35.15551474,,
6233276,2017027,2729012000,27290002
128.5283579,35.82452447,,
128.5283307,35.82436874,,
128.5282869,35.82421554,,
128.5282269,35.82406603,,
128.5281511,35.82392135,,
128.5280601,35.8237826,,
128.5279546,35.82365083,,
128.5278355,35.82352705,,
128.5277035,35.8234122,,
128.5275597,35.82330716,,
128.5274053,35.82321272,,
128.5272413,35.8231296,,
128.5270691,35.82305843,,
128.5268899,35.82299977,,
128.5267051,35.82295404,,
128.5265161,35.82292161,,
128.5263243,35.82290272,,
128.5261313,35.8228975,,
128.5259384,35.82290601,,
128.5257472,35.82292818,,
128.5255591,35.82296383,,
128.5253755,35.8230127,,
128.5251979,35.82307441,,
128.5250275,35.8231485,,
128.5248657,35.8232344,,
128.5247137,35.82333145,,
128.5245727,35.82343893,,
128.5244437,35.82355601,,
128.5243278,35.82368179,,
128.5242257,35.82381533,,
128.5241383,35.82395561,,
128.5240663,35.82410155,,
128.5240101,35.82425206,,
128.5239703,35.82440597,,
128.5239471,35.82456213,,
128.5239407,35.82471934,,
128.5239511,35.8248764,,
128.5239783,35.82503213,,
128.5240221,35.82518533,,
128.5240821,35.82533485,,
128.5241579,35.82547953,,
128.5242489,35.82561829,,
128.5243543,35.82575006,,
128.5244735,35.82587384,,
128.5246055,35.82598869,,
128.5247492,35.82609374,,
128.5249037,35.82618818,,
128.5250677,35.8262713,,
128.5252399,35.82634247,,
128.5254191,35.82640114,,
128.5256039,35.82644686,,
128.5257929,35.8264793,,
128.5259847,35.82649819,,
128.5261777,35.82650341,,
128.5263706,35.8264949,,
128.5265618,35.82647273,,
128.5267499,35.82643708,,
128.5269335,35.82638821,,
128.5271112,35.82632649,,
128.5272815,35.8262524,,
128.5274433,35.8261665,,
128.5275953,35.82606944,,
128.5277364,35.82596196,,
128.5278653,35.82584488,,
128.5279813,35.82571909,,
128.5280834,35.82558555,,
128.5281707,35.82544527,,
128.5282428,35.82529932,,
128.5282989,35.82514882,,
128.5283387,35.8249949,,
128.5283619,35.82483874,,
128.5283683,35.82468153,,
6232318,2017027,2711012200,27110001
128.600374,35.86856871,,
128.6003466,35.86841301,,
128.6003027,35.86825984,,
128.6002425,35.86811036,,
128.6001665,35.86796573,,
128.6000754,35.86782704,,
128.5999697,35.86769534,,
128.5998504,35.86757163,,
128.5997182,35.86745687,,
128.5995743,35.86735192,,
128.5994197,35.86725757,,
128.5992555,35.86717455,,
128.5990831,35.8671035,,
128.5989038,35.86704494,,
128.5987188,35.86699933,,
128.5985297,35.86696701,,
128.5983379,35.86694824,,
128.5981447,35.86694314,,
128.5979518,35.86695177,,
128.5977605,35.86697405,,
128.5975723,35.86700981,,
128.5973887,35.86705879,,
128.597211,35.86712061,,
128.5970406,35.8671948,,
128.5968788,35.8672808,,
128.5967268,35.86737795,,
128.5965858,35.86748551,,
128.5964568,35.86760266,,
128.5963409,35.86772851,,
128.5962389,35.86786211,,
128.5961516,35.86800244,,
128.5960797,35.86814842,,
128.5960237,35.86829895,,
128.5959839,35.86845289,,
128.5959609,35.86860906,,
128.5959546,35.86876627,,
128.5959652,35.86892332,,
128.5959926,35.86907903,,
128.5960365,35.8692322,,
128.5960967,35.86938168,,
128.5961726,35.86952631,,
128.5962638,35.86966501,,
128.5963694,35.86979671,,
128.5964888,35.86992042,,
128.5966209,35.87003519,,
128.5967649,35.87014015,,
128.5969195,35.87023449,,
128.5970836,35.87031751,,
128.597256,35.87038857,,
128.5974354,35.87044713,,
128.5976203,35.87049274,,
128.5978095,35.87052506,,
128.5980013,35.87054384,,
128.5981945,35.87054893,,
128.5983874,35.87054031,,
128.5985787,35.87051803,,
128.5987669,35.87048226,,
128.5989506,35.87043328,,
128.5991283,35.87037145,,
128.5992987,35.87029726,,
128.5994605,35.87021126,,
128.5996125,35.87011411,,
128.5997535,35.87000655,,
128.5998824,35.86988939,,
128.5999983,35.86976353,,
128.6001003,35.86962993,,
128.6001876,35.8694896,,
128.6002596,35.86934362,,
128.6003156,35.86919308,,
128.6003553,35.86903915,,
128.6003784,35.86888298,,
128.6003846,35.86872577,,
6233277,2017027,2729012000,27290001
128.5337972,35.8209225,,
128.53377,35.82076678,,
128.5337262,35.82061358,,
128.5336662,35.82046407,,
128.5335904,35.82031939,,
128.5334994,35.82018064,,
128.5333939,35.82004888,,
128.5332747,35.81992511,,
128.5331428,35.81981026,,
128.532999,35.81970523,,
128.5328446,35.81961079,,
128.5326806,35.81952768,,
128.5325084,35.81945653,,
128.5323292,35.81939787,,
128.5321444,35.81935215,,
128.5319554,35.81931973,,
128.5317636,35.81930084,,
128.5315706,35.81929564,,
128.5313778,35.81930415,,
128.5311866,35.81932633,,
128.5309985,35.81936199,,
128.5308149,35.81941086,,
128.5306373,35.81947258,,
128.5304669,35.81954668,,
128.5303051,35.81963259,,
128.5301532,35.81972965,,
128.5300121,35.81983713,,
128.5298832,35.81995422,,
128.5297672,35.82008001,,
128.5296652,35.82021355,,
128.5295778,35.82035383,,
128.5295058,35.82049978,,
128.5294496,35.82065028,,
128.5294098,35.8208042,,
128.5293866,35.82096036,,
128.5293802,35.82111757,,
128.5293907,35.82127463,,
128.5294179,35.82143036,,
128.5294617,35.82158356,,
128.5295217,35.82173307,,
128.5295975,35.82187775,,
128.5296885,35.8220165,,
128.5297939,35.82214827,,
128.5299131,35.82227204,,
128.5300451,35.82238689,,
128.5301888,35.82249193,,
128.5303433,35.82258637,,
128.5305073,35.82266948,,
128.5306795,35.82274064,,
128.5308587,35.8227993,,
128.5310435,35.82284502,,
128.5312325,35.82287744,,
128.5314243,35.82289633,,
128.5316173,35.82290154,,
128.5318101,35.82289302,,
128.5320013,35.82287084,,
128.5321895,35.82283518,,
128.532373,35.8227863,,
128.5325507,35.82272458,,
128.532721,35.82265048,,
128.5328828,35.82256457,,
128.5330348,35.8224675,,
128.5331758,35.82236002,,
128.5333048,35.82224293,,
128.5334207,35.82211714,,
128.5335228,35.82198359,,
128.5336101,35.82184331,,
128.5336822,35.82169736,,
128.5337383,35.82154685,,
128.5337781,35.82139293,,
128.5338013,35.82123678,,
128.5338077,35.82107957,,
128.6345692,35.8211616,,
128.634563,35.82131881,,
128.6345401,35.82147499,,
128.6345005,35.82162893,,
128.6344445,35.82177949,,
128.6343727,35.82192549,,
128.6342855,35.82206584,,
128.6341836,35.82219947,,
128.6340678,35.82232536,,
128.633939,35.82244255,,
128.6337981,35.82255015,,
128.6336463,35.82264735,,
128.6334846,35.82273339,,
128.6333143,35.82280763,,
128.6331368,35.8228695,,
128.6329533,35.82291853,,
128.6327652,35.82295435,,
128.632574,35.82297669,,
128.6323812,35.82298537,,
128.6321882,35.82298032,,
128.6319964,35.8229616,,
128.6318074,35.82292933,,
128.6316225,35.82288377,,
128.6314432,35.82282526,,
128.6312709,35.82275425,,
128.6311068,35.82267127,,
128.6309523,35.82257697,,
128.6308084,35.82247205,,
128.6306763,35.82235732,,
128.6305569,35.82223364,,
128.6304513,35.82210197,,
128.6303601,35.8219633,,
128.6302842,35.82181868,,
128.630224,35.82166923,,
128.63018,35.82151607,,
128.6301526,35.82136037,,
128.6301419,35.82120331,,
128.6301481,35.8210461,,
128.6301711,35.82088993,,
128.6302107,35.82073598,,
128.6302667,35.82058543,,
128.6303385,35.82043943,,
128.6304257,35.82029908,,
128.6305276,35.82016545,,
128.6306434,35.82003957,,
128.6307722,35.81992238,,
128.6309131,35.81981478,,
128.6310649,35.81971759,,
128.6312266,35.81963155,,
128.6313969,35.81955731,,
128.6315744,35.81949544,,
128.6317579,35.81944642,,
128.631946,35.8194106,,
128.6321371,35.81938827,,
128.63233,35.81937959,,
128.632523,35.81938463,,
128.6327148,35.81940335,,
128.6329038,35.81943562,,
128.6330886,35.81948118,,
128.6332679,35.81953969,,
128.6334402,35.8196107,,
128.6336043,35.81969367,,
128.6337589,35.81978797,,
128.6339027,35.81989288,,
128.6340349,35.82000761,,
128.6341542,35.82013128,,
128.6342598,35.82026295,,
128.634351,35.82040162,,
128.634427,35.82054624,,
128.6344872,35.82069569,,
128.6345312,35.82084885,,
128.6345586,35.82100455,,
128.6345692,35.8211616,,
128.6130817,35.82546587,,
128.6130755,35.82562308,,
128.6130524,35.82577925,,
128.6130128,35.8259332,,
128.6129568,35.82608374,,
128.6128849,35.82622973,,
128.6127977,35.82637007,,
128.6126958,35.82650368,,
128.61258,35.82662955,,
128.6124511,35.82674672,,
128.6123102,35.8268543,,
128.6121583,35.82695146,,
128.6119966,35.82703748,,
128.6118263,35.82711169,,
128.6116487,35.82717353,,
128.6114652,35.82722253,,
128.6112771,35.82725831,,
128.6110859,35.82728061,,
128.610893,35.82728926,,
128.6107,35.82728418,,
128.6105082,35.82726542,,
128.6103192,35.82723312,,
128.6101344,35.82718752,,
128.6099551,35.82712898,,
128.6097828,35.82705794,,
128.6096187,35.82697494,,
128.6094641,35.8268806,,
128.6093203,35.82677566,,
128.6091882,35.8266609,,
128.6090689,35.82653721,,
128.6089633,35.82640551,,
128.6088721,35.82626682,,
128.6087962,35.82612219,,
128.608736,35.82597273,,
128.6086921,35.82581956,,
128.6086647,35.82566385,,
128.6086541,35.8255068,,
128.6086604,35.82534959,,
128.6086834,35.82519342,,
128.6087231,35.82503948,,
128.6087791,35.82488894,,
128.6088509,35.82474294,,
128.6089382,35.82460261,,
128.6090401,35.824469,,
128.6091559,35.82434313,,
128.6092848,35.82422597,,
128.6094257,35.8241184,,
128.6095776,35.82402123,,
128.6097393,35.82393522,,
128.6099096,35.82386101,,
128.6100872,35.82379918,,
128.6102707,35.82375018,,
128.6104588,35.8237144,,
128.6106499,35.8236921,,
128.6108428,35.82368345,,
128.6110358,35.82368853,,
128.6112276,35.82370729,,
128.6114166,35.82373959,,
128.6116014,35.82378518,,
128.6117807,35.82384372,,
128.611953,35.82391476,,
128.6121171,35.82399776,,
128.6122716,35.82409209,,
128.6124155,35.82419703,,
128.6125476,35.82431179,,
128.6126669,35.82443548,,
128.6127725,35.82456717,,
128.6128637,35.82470585,,
128.6129396,35.82485048,,
128.6129998,35.82499995,,
128.6130437,35.82515311,,
128.6130711,35.82530882,,
128.6130817,35.8254658,,
128.6542516,35.85063677,,
128.6542455,35.85079398,,
128.6542225,35.85095015,,
128.6541829,35.85110411,,
128.654127,35.85125467,,
128.6540552,35.85140069,,
128.653968,35.85154105,,
128.6538661,35.8516747,,
128.6537503,35.8518006,,
128.6536215,35.85191782,,
128.6534806,35.85202544,,
128.6533287,35.85212266,,
128.653167,35.85220873,,
128.6529967,35.852283,,
128.6528191,35.8523449,,
128.6526355,35.85239396,,
128.6524474,35.85242981,,
128.6522561,35.85245218,,
128.6520632,35.85246089,,
128.6518701,35.85245588,,
128.6516783,35.85243719,,
128.6514892,35.85240495,,
128.6513043,35.85235942,,
128.6511249,35.85230095,,
128.6509525,35.85222996,,
128.6507883,35.85214702,,
128.6506337,35.85205274,,
128.6504897,35.85194785,,
128.6503575,35.85183314,,
128.6502381,35.85170948,,
128.6501324,35.85157783,,
128.6500412,35.85143917,,
128.6499651,35.85129457,,
128.6499049,35.85114513,,
128.6498609,35.85099198,,
128.6498334,35.85083628,,
128.6498227,35.85067923,,
128.6498288,35.85052202,,
128.6498518,35.85036585,,
128.6498914,35.8502119,,
128.6499473,35.85006134,,
128.6500192,35.84991532,,
128.6501064,35.84977496,,
128.6502082,35.84964132,,
128.650324,35.84951541,,
128.6504529,35.8493982,,
128.6505938,35.84929058,,
128.6507456,35.84919337,,
128.6509074,35.8491073,,
128.6510777,35.84903304,,
128.6512553,35.84897114,,
128.6514388,35.84892208,,
128.6516269,35.84888623,,
128.6518182,35.84886386,,
128.6520111,35.84885515,,
128.6522042,35.84886016,,
128.652396,35.84887886,,
128.6525851,35.84891109,,
128.65277,35.84895662,,
128.6529494,35.84901509,,
128.6531218,35.84908607,,
128.6532859,35.84916901,,
128.6534406,35.84926329,,
128.6535845,35.84936818,,
128.6537167,35.84948288,,
128.6538361,35.84960653,,
128.6539419,35.84973818,,
128.6540331,35.84987684,,
128.6541091,35.85002143,,
128.6541694,35.85017088,,
128.6542134,35.85032403,,
128.6542409,35.85047972,,
128.6542516,35.8506367,,
128.5651523,35.87257119,,
128.565146,35.87272787,,
128.5651229,35.87288351,,
128.5650833,35.87303692,,
128.5650274,35.87318694,,
128.5649556,35.87333242,,
128.5648685,35.87347226,,
128.5647668,35.87360538,,
128.5646512,35.87373079,,
128.5645227,35.87384752,,
128.5643821,35.87395468,,
128.5642305,35.87405146,,
128.5640692,35.87413713,,
128.5638994,35.87421103,,
128.5637222,35.87427259,,
128.5635392,35.87432136,,
128.5633516,35.87435695,,
128.5631609,35.8743791,,
128.5629686,35.87438764,,
128.562776,35.87438251,,
128.5625848,35.87436374,,
128.5623963,35.87433147,,
128.562212,35.87428595,,
128.5620333,35.87422754,,
128.5618614,35.87415667,,
128.5616979,35.87407388,,
128.5615438,35.8739798,,
128.5614004,35.87387515,,
128.5612687,35.87376072,,
128.5611498,35.87363739,,
128.5610446,35.8735061,,
128.5609538,35.87336783,,
128.5608781,35.87322366,,
128.5608182,35.87307467,,
128.5607745,35.87292199,,
128.5607473,35.87276679,,
128.5607368,35.87261026,,
128.5607431,35.87245357,,
128.5607662,35.87229793,,
128.5608058,35.87214452,,
128.5608618,35.87199451,,
128.5609335,35.87184903,,
128.5610206,35.87170919,,
128.5611223,35.87157607,,
128.5612379,35.87145067,,
128.5613665,35.87133395,,
128.5615071,35.87122679,,
128.5616586,35.87113001,,
128.5618199,35.87104434,,
128.5619898,35.87097045,,
128.5621669,35.87090889,,
128.56235,35.87086012,,
128.5625375,35.87082453,,
128.5627282,35.87080238,,
128.5629205,35.87079384,,
128.5631131,35.87079898,,
128.5633043,35.87081775,,
128.5634928,35.87085001,,
128.5636771,35.87089552,,
128.5638558,35.87095394,,
128.5640276,35.87102481,,
128.5641912,35.8711076,,
128.5643452,35.87120167,,
128.5644887,35.87130632,,
128.5646203,35.87142074,,
128.5647392,35.87154407,,
128.5648445,35.87167536,,
128.5649353,35.87181362,,
128.5650109,35.87195779,,
128.5650708,35.87210678,,
128.5651146,35.87225945,,
128.5651418,35.87241465,,
128.5651523,35.8725711,,
128.5615986,35.86979033,,
128.5615922,35.86994754,,
128.5615691,35.8701037,,
128.5615293,35.87025762,,
128.5614732,35.87040814,,
128.5614012,35.87055411,,
128.5613138,35.87069441,,
128.5612118,35.87082798,,
128.5610958,35.8709538,,
128.5609668,35.87107092,,
128.5608257,35.87117843,,
128.5606737,35.87127554,,
128.5605118,35.87136148,,
128.5603414,35.87143562,,
128.5601637,35.87149739,,
128.55998,35.87154631,,
128.5597918,35.87158202,,
128.5596005,35.87160424,,
128.5594075,35.8716128,,
128.5592143,35.87160764,,
128.5590225,35.8715888,,
128.5588334,35.87155642,,
128.5586484,35.87151075,,
128.5584691,35.87145214,,
128.5582967,35.87138102,,
128.5581326,35.87129795,,
128.557978,35.87120355,,
128.5578342,35.87109854,,
128.5577021,35.87098373,,
128.5575828,35.87085998,,
128.5574772,35.87072825,,
128.5573861,35.87058952,,
128.5573102,35.87044486,,
128.5572501,35.87029536,,
128.5572062,35.87014218,,
128.557179,35.86998646,,
128.5571684,35.8698294,,
128.5571748,35.86967219,,
128.5571979,35.86951603,,
128.5572377,35.8693621,,
128.5572938,35.86921159,,
128.5573658,35.86906563,,
128.5574532,35.86892533,,
128.5575553,35.86879176,,
128.5576713,35.86866594,,
128.5578003,35.86854883,,
128.5579413,35.86844131,,
128.5580934,35.86834422,,
128.5582552,35.86825827,,
128.5584256,35.86818414,,
128.5586034,35.86812237,,
128.558787,35.86807345,,
128.5589752,35.86803775,,
128.5591665,35.86801553,,
128.5593595,35.86800696,,
128.5595526,35.86801212,,
128.5597445,35.86803096,,
128.5599336,35.86806334,,
128.5601185,35.86810901,,
128.5602979,35.86816763,,
128.5604702,35.86823874,,
128.5606343,35.86832181,,
128.5607889,35.8684162,,
128.5609328,35.8685212,,
128.5610649,35.86863601,,
128.5611842,35.86875976,,
128.5612898,35.86889149,,
128.5613809,35.86903022,,
128.5614567,35.86917487,,
128.5615169,35.86932437,,
128.5615607,35.86947755,,
128.561588,35.86963327,,
128.5615986,35.8697903,,
128.6006017,35.83975569,,
128.6005955,35.8399129,,
128.6005724,35.84006907,,
128.6005327,35.84022301,,
128.6004767,35.84037354,,
128.6004048,35.84051953,,
128.6003175,35.84065986,,
128.6002156,35.84079346,,
128.6000997,35.84091932,,
128.5999708,35.84103647,,
128.5998299,35.84114404,,
128.5996779,35.84124119,,
128.5995162,35.84132719,,
128.5993458,35.84140138,,
128.5991682,35.8414632,,
128.5989846,35.84151218,,
128.5987965,35.84154795,,
128.5986053,35.84157023,,
128.5984124,35.84157885,,
128.5982193,35.84157376,,
128.5980275,35.84155498,,
128.5978385,35.84152266,,
128.5976536,35.84147705,,
128.5974743,35.84141849,,
128.5973019,35.84134743,,
128.5971379,35.84126441,,
128.5969833,35.84117006,,
128.5968394,35.8410651,,
128.5967073,35.84095033,,
128.596588,35.84082662,,
128.5964824,35.84069492,,
128.5963913,35.84055622,,
128.5963154,35.84041158,,
128.5962552,35.84026211,,
128.5962113,35.84010893,,
128.5961839,35.83995323,,
128.5961733,35.83979617,,
128.5961796,35.83963896,,
128.5962027,35.83948279,,
128.5962424,35.83932885,,
128.5962984,35.83917832,,
128.5963703,35.83903234,,
128.5964576,35.83889201,,
128.5965595,35.83875841,,
128.5966754,35.83863256,,
128.5968043,35.8385154,,
128.5969453,35.83840785,,
128.5970972,35.8383107,,
128.5972589,35.8382247,,
128.5974293,35.83815051,,
128.5976069,35.83808869,,
128.5977905,35.83803971,,
128.5979786,35.83800395,,
128.5981698,35.83798167,,
128.5983627,35.83797305,,
128.5985558,35.83797814,,
128.5987475,35.83799692,,
128.5989366,35.83802924,,
128.5991215,35.83807485,,
128.5993008,35.83813341,,
128.5994731,35.83820446,,
128.5996372,35.83828748,,
128.5997917,35.83838183,,
128.5999356,35.83848678,,
128.6000677,35.83860155,,
128.600187,35.83872525,,
128.6002926,35.83885696,,
128.6003838,35.83899565,,
128.6004597,35.83914028,,
128.6005198,35.83928976,,
128.6005638,35.83944293,,
128.6005911,35.83959863,,
128.6006017,35.8397556,,
128.5598618,35.93375984,,
128.5598554,35.93391705,,
128.5598323,35.93407321,,
128.5597925,35.93422713,,
128.5597363,35.93437765,,
128.5596643,35.93452361,,
128.5595768,35.93466391,,
128.5594747,35.93479748,,
128.5593586,35.9349233,,
128.5592295,35.93504041,,
128.5590883,35.93514793,,
128.5589362,35.93524503,,
128.5587742,35.93533098,,
128.5586036,35.93540512,,
128.5584257,35.93546688,,
128.5582419,35.93551581,,
128.5580536,35.93555151,,
128.5578621,35.93557373,,
128.557669,35.93558229,,
128.5574757,35.93557714,,
128.5572836,35.9355583,,
128.5570944,35.93552592,,
128.5569093,35.93548024,,
128.5567298,35.93542163,,
128.5565573,35.93535051,,
128.5563931,35.93526744,,
128.5562384,35.93517304,,
128.5560944,35.93506804,,
128.5559622,35.93495323,,
128.5558428,35.93482948,,
128.5557371,35.93469775,,
128.5556459,35.93455902,,
128.55557,35.93441436,,
128.5555098,35.93426487,,
128.5554659,35.93411168,,
128.5554386,35.93395597,,
128.5554281,35.93379891,,
128.5554344,35.9336417,,
128.5554576,35.93348554,,
128.5554974,35.93333162,,
128.5555536,35.9331811,,
128.5556257,35.93303514,,
128.5557131,35.93289484,,
128.5558153,35.93276128,,
128.5559313,35.93263546,,
128.5560604,35.93251835,,
128.5562016,35.93241084,,
128.5563538,35.93231374,,
128.5565157,35.9322278,,
128.5566863,35.93215366,,
128.5568642,35.9320919,,
128.557048,35.93204298,,
128.5572364,35.93200727,,
128.5574278,35.93198506,,
128.5576209,35.93197649,,
128.5578142,35.93198165,,
128.5580062,35.93200049,,
128.5581955,35.93203287,,
128.5583806,35.93207854,,
128.55856,35.93213715,,
128.5587325,35.93220827,,
128.5588968,35.93229133,,
128.5590515,35.93238573,,
128.5591955,35.93249073,,
128.5593277,35.93260554,,
128.5594471,35.93272928,,
128.5595528,35.93286101,,
128.5596439,35.93299974,,
128.5597199,35.93314439,,
128.55978,35.93329388,,
128.5598239,35.93344707,,
128.5598513,35.93360278,,
128.5598618,35.9337598,,
128.562391,35.94062367,,
128.5623846,35.94078088,,
128.5623615,35.94093704,,
128.5623217,35.94109096,,
128.5622655,35.94124148,,
128.5621934,35.94138745,,
128.562106,35.94152775,,
128.5620038,35.94166132,,
128.5618878,35.94178714,,
128.5617587,35.94190426,,
128.5616175,35.94201178,,
128.5614653,35.94210888,,
128.5613033,35.94219483,,
128.5611327,35.94226897,,
128.5609548,35.94233074,,
128.560771,35.94237967,,
128.5605826,35.94241538,,
128.5603911,35.9424376,,
128.560198,35.94244617,,
128.5600047,35.94244102,,
128.5598126,35.94242218,,
128.5596234,35.94238981,,
128.5594383,35.94234414,,
128.5592588,35.94228553,,
128.5590862,35.94221442,,
128.558922,35.94213135,,
128.5587673,35.94203695,,
128.5586232,35.94193195,,
128.558491,35.94181715,,
128.5583716,35.9416934,,
128.5582659,35.94156167,,
128.5581748,35.94142294,,
128.5580988,35.94127829,,
128.5580387,35.9411288,,
128.5579947,35.94097561,,
128.5579674,35.9408199,,
128.5579569,35.94066284,,
128.5579632,35.94050563,,
128.5579864,35.94034947,,
128.5580262,35.94019555,,
128.5580824,35.94004503,,
128.5581544,35.93989907,,
128.5582419,35.93975877,,
128.558344,35.9396252,,
128.5584601,35.93949938,,
128.5585892,35.93938227,,
128.5587304,35.93927475,,
128.5588826,35.93917765,,
128.5590446,35.93909171,,
128.5592152,35.93901757,,
128.559393,35.9389558,,
128.5595769,35.93890688,,
128.5597652,35.93887117,,
128.5599567,35.93884895,,
128.5601498,35.93884038,,
128.5603432,35.93884553,,
128.5605352,35.93886437,,
128.5607245,35.93889674,,
128.5609095,35.93894241,,
128.561089,35.93900102,,
128.5612616,35.93907212,,
128.5614258,35.93915519,,
128.5615805,35.93924958,,
128.5617245,35.93935458,,
128.5618568,35.93946938,,
128.5619762,35.93959312,,
128.5620819,35.93972485,,
128.562173,35.93986357,,
128.562249,35.94000823,,
128.5623092,35.94015772,,
128.5623531,35.9403109,,
128.5623804,35.94046661,,
128.562391,35.9406236,,
128.6245899,35.83766509,,
128.6245837,35.8378223,,
128.6245607,35.83797848,,
128.624521,35.83813242,,
128.6244651,35.83828297,,
128.6243932,35.83842897,,
128.624306,35.83856931,,
128.6242041,35.83870294,,
128.6240882,35.83882882,,
128.6239594,35.838946,,
128.6238185,35.83905359,,
128.6236666,35.83915077,,
128.6235049,35.8392368,,
128.6233345,35.83931102,,
128.6231569,35.83937288,,
128.6229734,35.8394219,,
128.6227853,35.8394577,,
128.6225941,35.83948002,,
128.6224012,35.83948869,,
128.6222081,35.83948363,,
128.6220163,35.83946489,,
128.6218272,35.8394326,,
128.6216424,35.83938703,,
128.621463,35.83932851,,
128.6212907,35.83925748,,
128.6211266,35.83917449,,
128.620972,35.83908017,,
128.6208281,35.83897525,,
128.620696,35.8388605,,
128.6205766,35.83873682,,
128.620471,35.83860514,,
128.6203798,35.83846646,,
128.6203039,35.83832184,,
128.6202437,35.83817237,,
128.6201997,35.83801921,,
128.6201723,35.83786351,,
128.6201617,35.83770646,,
128.6201679,35.83754924,,
128.6201909,35.83739307,,
128.6202305,35.83723913,,
128.6202865,35.83708858,,
128.6203584,35.83694259,,
128.6204456,35.83680224,,
128.6205475,35.83666862,,
128.6206634,35.83654275,,
128.6207922,35.83642557,,
128.6209331,35.83631798,,
128.621085,35.83622081,,
128.6212467,35.83613478,,
128.6214171,35.83606056,,
128.6215947,35.8359987,,
128.6217782,35.83594969,,
128.6219663,35.83591388,,
128.6221575,35.83589157,,
128.6223504,35.8358829,,
128.6225434,35.83588796,,
128.6227352,35.8359067,,
128.6229243,35.83593898,,
128.6231092,35.83598456,,
128.6232885,35.83604308,,
128.6234608,35.8361141,,
128.6236249,35.83619709,,
128.6237795,35.8362914,,
128.6239234,35.83639633,,
128.6240555,35.83651107,,
128.6241749,35.83663475,,
128.6242805,35.83676643,,
128.6243717,35.8369051,,
128.6244477,35.83704972,,
128.6245079,35.83719918,,
128.6245518,35.83735234,,
128.6245793,35.83750804,,
128.6245899,35.837665,,
129.121437,35.2014676,,
129.1210439,35.2017432,,
129.1206031,35.2019649,,
129.1201255,35.2021273,,
129.1196228,35.2022263,,
129.1191075,35.2022596,,
129.1185921,35.2022263,,
129.1180895,35.2021273,,
129.1176119,35.2019649,,
129.1171711,35.2017432,,
129.116778,35.2014676,,
129.1164423,35.2011449,,
129.1161722,35.2007831,,
129.1159744,35.2003911,,
129.1158537,35.1999785,,
129.1158132,35.1995555,,
129.1158537,35.1991325,,
129.1159744,35.1987199,,
129.1161723,35.1983279,,
129.1164424,35.1979661,,
129.1167781,35.1976435,,
129.1171712,35.1973679,,
129.1176119,35.1971462,,
129.1180895,35.1969838,,
129.1185922,35.1968848,,
129.1191075,35.1968515,,
129.1196228,35.1968848,,
129.1201255,35.1969838,,
129.120603,35.1971462,,
129.1210438,35.1973679,,
129.1214369,35.1976435,,
129.1217726,35.1979661,,
129.1220427,35.1983279,,
129.1222405,35.1987199,,
129.1223612,35.1991325,,
129.1224018,35.1995555,,
129.1223613,35.1999785,,
129.1222406,35.2003911,,
129.1220428,35.2007831,,
129.1217727,35.2011449,,
129.121437,35.201467,,
129.1258776,35.1929602,,
129.1254845,35.1932358,,
129.1250438,35.1934575,,
129.1245662,35.1936199,,
129.1240636,35.1937189,,
129.1235483,35.1937522,,
129.123033,35.1937189,,
129.1225304,35.1936199,,
129.1220528,35.1934575,,
129.1216121,35.1932358,,
129.1212191,35.1929602,,
129.1208834,35.1926375,,
129.1206133,35.1922757,,
129.1204155,35.1918837,,
129.1202949,35.1914711,,
129.1202543,35.1910481,,
129.1202949,35.1906251,,
129.1204156,35.1902125,,
129.1206134,35.1898205,,
129.1208835,35.1894587,,
129.1212192,35.1891361,,
129.1216122,35.1888605,,
129.1220529,35.1886388,,
129.1225305,35.1884764,,
129.123033,35.1883774,,
129.1235483,35.1883441,,
129.1240636,35.1883774,,
129.1245662,35.1884764,,
129.1250437,35.1886388,,
129.1254844,35.1888605,,
129.1258775,35.1891361,,
129.1262131,35.1894587,,
129.1264832,35.1898205,,
129.126681,35.1902125,,
129.1268017,35.1906251,,
129.1268423,35.1910481,,
129.1268018,35.1914711,,
129.1266811,35.1918837,,
129.1264833,35.1922757,,
129.1262133,35.1926375,,
129.1258776,35.19296,,
128.573855,35.8549379,,
128.5734587,35.8552134,,
128.5730144,35.8554351,,
128.5725329,35.8555975,,
128.5720261,35.8556965,,
128.5715066,35.8557298,,
128.570987,35.8556965,,
128.5704803,35.8555975,,
128.5699988,35.8554351,,
128.5695544,35.8552134,,
128.5691581,35.8549379,,
128.5688197,35.8546152,,
128.5685474,35.8542535,,
128.568348,35.8538615,,
128.5682263,35.8534489,,
128.5681854,35.853026,,
128.5682263,35.852603,,
128.568348,35.8521905,,
128.5685475,35.8517985,,
128.5688198,35.8514368,,
128.5691582,35.8511142,,
128.5695545,35.8508386,,
128.5699989,35.8506169,,
128.5704803,35.8504546,,
128.570987,35.8503555,,
128.5715066,35.8503223,,
128.5720261,35.8503555,,
128.5725328,35.8504546,,
128.5730143,35.8506169,,
128.5734586,35.8508386,,
128.5738549,35.8511142,,
128.5741934,35.8514368,,
128.5744657,35.8517985,,
128.5746651,35.8521905,,
128.5747868,35.852603,,
128.5748277,35.853026,,
128.5747868,35.8534489,,
128.5746652,35.8538615,,
128.5744658,35.8542535,,
128.5741935,35.8546152,,
128.573855,35.854937,,
128.5336905,35.823339,,
128.5332943,35.8236145,,
128.5328502,35.8238362,,
128.5323689,35.8239986,,
128.5318623,35.8240976,,
128.5313429,35.8241309,,
128.5308236,35.8240976,,
128.530317,35.8239986,,
128.5298357,35.8238362,,
128.5293916,35.8236145,,
128.5289954,35.823339,,
128.5286571,35.8230163,,
128.5283849,35.8226546,,
128.5281856,35.8222626,,
128.528064,35.82185,,
128.5280231,35.8214271,,
128.528064,35.8210041,,
128.5281857,35.8205916,,
128.528385,35.8201996,,
128.5286572,35.8198379,,
128.5289955,35.8195152,,
128.5293917,35.8192397,,
128.5298358,35.819018,,
128.5303171,35.8188557,,
128.5308236,35.8187566,,
128.5313429,35.8187233,,
128.5318623,35.8187566,,
128.5323688,35.8188557,,
128.5328501,35.819018,,
128.5332942,35.8192397,,
128.5336904,35.8195152,,
128.5340287,35.8198379,,
128.5343009,35.8201996,,
128.5345002,35.8205916,,
128.5346219,35.8210041,,
128.5346628,35.8214271,,
128.5346219,35.82185,,
128.5345003,35.8222626,,
128.534301,35.8226546,,
128.5340288,35.8230163,,
128.5336905,35.82333,,
128.6417423,35.8667261,,
128.6413459,35.8670017,,
128.6409015,35.8672233,,
128.64042,35.8673857,,
128.6399131,35.8674848,,
128.6393935,35.867518,,
128.6388738,35.8674848,,
128.638367,35.8673857,,
128.6378855,35.8672233,,
128.637441,35.8670017,,
128.6370447,35.8667261,,
128.6367062,35.8664035,,
128.6364338,35.8660417,,
128.6362344,35.8656498,,
128.6361127,35.8652372,,
128.6360719,35.8648142,,
128.6361128,35.8643913,,
128.6362345,35.8639787,,
128.6364339,35.8635868,,
128.6367063,35.863225,,
128.6370448,35.8629024,,
128.6374411,35.8626269,,
128.6378855,35.8624052,,
128.6383671,35.8622429,,
128.6388739,35.8621438,,
128.6393935,35.8621105,,
128.6399131,35.8621438,,
128.6404199,35.8622429,,
128.6409014,35.8624052,,
128.6413458,35.8626269,,
128.6417422,35.8629024,,
128.6420807,35.863225,,
128.642353,35.8635868,,
128.6425525,35.8639787,,
128.6426742,35.8643913,,
128.6427151,35.8648142,,
128.6426742,35.8652372,,
128.6425526,35.8656498,,
128.6423531,35.8660417,,
128.6420808,35.8664035,,
128.6417423,35.866726,,
129.1852328,35.1713682,,
129.1848398,35.1716438,,
129.1843992,35.1718655,,
129.1839218,35.1720279,,
129.1834193,35.1721269,,
129.1829041,35.1721602,,
129.182389,35.1721269,,
129.1818865,35.1720279,,
129.1814091,35.1718655,,
129.1809685,35.1716438,,
129.1805755,35.1713682,,
129.1802399,35.1710455,,
129.1799699,35.1706837,,
129.1797722,35.1702917,,
129.1796516,35.1698791,,
129.179611,35.1694561,,
129.1796516,35.1690331,,
129.1797723,35.1686205,,
129.17997,35.1682285,,
129.18024,35.1678667,,
129.1805756,35.167544,,
129.1809686,35.1672685,,
129.1814092,35.1670468,,
129.1818866,35.1668844,,
129.182389,35.1667853,,
129.1829041,35.1667521,,
129.1834193,35.1667853,,
129.1839217,35.1668844,,
129.1843991,35.1670468,,
129.1848397,35.1672685,,
129.1852327,35.167544,,
129.1855683,35.1678667,,
129.1858383,35.1682285,,
129.186036,35.1686205,,
129.1861567,35.1690331,,
129.1861972,35.1694561,,
129.1861567,35.1698791,,
129.1860361,35.1702917,,
129.1858384,35.1706837,,
129.1855684,35.1710455,,
129.1852328,35.171368,,
127.078398,37.62348553,,
127.0783903,37.62332838,,
127.0783653,37.62317237,,
127.0783234,37.62301869,,
127.0782648,37.62286849,,
127.07819,37.62272293,,
127.0780995,37.62258311,,
127.077994,37.62245009,,
127.0778743,37.6223249,,
127.0777414,37.62220847,,
127.0775962,37.62210171,,
127.0774399,37.62200541,,
127.0772736,37.62192032,,
127.0770987,37.62184707,,
127.0769164,37.62178624,,
127.0767281,37.62173827,,
127.0765352,37.62170354,,
127.0763393,37.62168231,,
127.0761418,37.62167474,,
127.0759443,37.62168089,,
127.0757481,37.62170071,,
127.0755549,37.62173406,,
127.0753661,37.62178067,,
127.0751831,37.62184019,,
127.0750073,37.62191218,,
127.0748401,37.62199607,,
127.0746827,37.62209124,,
127.0745363,37.62219696,,
127.074402,37.62231243,,
127.074281,37.62243676,,
127.074174,37.62256901,,
127.0740819,37.62270817,,
127.0740054,37.62285319,,
127.0739451,37.62300296,,
127.0739014,37.62315634,,
127.0738747,37.62331216,,
127.0738652,37.62346924,,
127.0738729,37.62362639,,
127.0738978,37.6237824,,
127.0739398,37.62393609,,
127.0739984,37.62408629,,
127.0740732,37.62423185,,
127.0741637,37.62437167,,
127.0742692,37.62450469,,
127.0743888,37.62462989,,
127.0745218,37.62474632,,
127.0746669,37.62485309,,
127.0748232,37.62494939,,
127.0749895,37.62503449,,
127.0751645,37.62510773,,
127.0753468,37.62516857,,
127.0755351,37.62521654,,
127.075728,37.62525127,,
127.0759239,37.6252725,,
127.0761214,37.62528007,,
127.0763189,37.62527392,,
127.0765151,37.6252541,,
127.0767083,37.62522076,,
127.0768972,37.62517414,,
127.0770802,37.62511461,,
127.077256,37.62504263,,
127.0774232,37.62495873,,
127.0775806,37.62486355,,
127.077727,37.62475783,,
127.0778612,37.62464236,,
127.0779823,37.62451803,,
127.0780893,37.62438577,,
127.0781814,37.62424661,,
127.0782578,37.62410159,,
127.0783181,37.62395182,,
127.0783618,37.62379843,,
127.0783885,37.62364261,,
127.078398,37.62348553,,
127.029604,37.65326452,,
127.0295963,37.65310737,,
127.0295715,37.65295136,,
127.0295297,37.65279766,,
127.0294711,37.65264744,,
127.0293964,37.65250185,,
127.0293059,37.65236199,,
127.0292005,37.65222894,,
127.0290808,37.6521037,,
127.028948,37.65198722,,
127.0288028,37.65188039,,
127.0286465,37.65178403,,
127.0284802,37.65169887,,
127.0283052,37.65162556,,
127.0281229,37.65156465,,
127.0279345,37.6515166,,
127.0277417,37.65148179,,
127.0275457,37.65146048,,
127.0273481,37.65145283,,
127.0271505,37.6514589,,
127.0269543,37.65147864,,
127.0267609,37.6515119,,
127.026572,37.65155843,,
127.0263889,37.65161788,,
127.026213,37.65168979,,
127.0260456,37.65177361,,
127.0258881,37.65186872,,
127.0257416,37.65197437,,
127.0256073,37.65208978,,
127.0254861,37.65221406,,
127.0253789,37.65234626,,
127.0252867,37.65248538,,
127.0252101,37.65263037,,
127.0251497,37.65278011,,
127.0251059,37.65293347,,
127.0250791,37.65308927,,
127.0250694,37.65324635,,
127.0250771,37.65340349,,
127.0251019,37.65355951,,
127.0251437,37.65371321,,
127.0252022,37.65386343,,
127.025277,37.65400903,,
127.0253675,37.65414888,,
127.0254729,37.65428194,,
127.0255925,37.65440719,,
127.0257254,37.65452367,,
127.0258706,37.6546305,,
127.0260269,37.65472686,,
127.0261932,37.65481203,,
127.0263681,37.65488535,,
127.0265505,37.65494626,,
127.0267388,37.6549943,,
127.0269317,37.65502912,,
127.0271277,37.65505043,,
127.0273253,37.65505808,,
127.0275229,37.65505201,,
127.0277192,37.65503227,,
127.0279125,37.65499901,,
127.0281014,37.65495247,,
127.0282846,37.65489302,,
127.0284605,37.65482111,,
127.0286278,37.65473728,,
127.0287853,37.65464218,,
127.0289318,37.65453652,,
127.0290662,37.65442111,,
127.0291874,37.65429683,,
127.0292945,37.65416462,,
127.0293867,37.65402549,,
127.0294633,37.65388051,,
127.0295238,37.65373076,,
127.0295675,37.6535774,,
127.0295943,37.65342159,,
127.029604,37.65326452,,
126.9224795,35.16346577,,
126.9224723,35.16330856,,
126.9224484,35.16315246,,
126.922408,35.16299867,,
126.9223515,35.16284835,,
126.9222792,35.16270266,,
126.9221917,35.16256269,,
126.9220897,35.16242951,,
126.921974,35.16230414,,
126.9218454,35.16218753,,
126.9217049,35.16208057,,
126.9215536,35.16198408,,
126.9213926,35.16189877,,
126.9212232,35.16182532,,
126.9210466,35.16176427,,
126.9208642,35.16171609,,
126.9206774,35.16168114,,
126.9204876,35.1616597,,
126.9202963,35.16165192,,
126.9201049,35.16165787,,
126.9199148,35.16167749,,
126.9197275,35.16171065,,
126.9195445,35.16175708,,
126.919367,35.16181644,,
126.9191966,35.16188827,,
126.9190344,35.16197202,,
126.9188818,35.16206706,,
126.9187398,35.16217267,,
126.9186095,35.16228804,,
126.918492,35.1624123,,
126.9183881,35.16254449,,
126.9182987,35.16268361,,
126.9182243,35.16282861,,
126.9181656,35.16297837,,
126.9181231,35.16313177,,
126.918097,35.16328762,,
126.9180875,35.16344476,,
126.9180947,35.16360197,,
126.9181186,35.16375807,,
126.918159,35.16391186,,
126.9182155,35.16406218,,
126.9182878,35.16420788,,
126.9183753,35.16434785,,
126.9184773,35.16448103,,
126.918593,35.1646064,,
126.9187216,35.16472302,,
126.9188621,35.16482998,,
126.9190134,35.16492648,,
126.9191744,35.16501179,,
126.9193438,35.16508524,,
126.9195204,35.1651463,,
126.9197028,35.16519448,,
126.9198896,35.16522943,,
126.9200794,35.16525087,,
126.9202707,35.16525865,,
126.9204622,35.1652527,,
126.9206523,35.16523308,,
126.9208395,35.16519992,,
126.9210226,35.16515349,,
126.9212,35.16509413,,
126.9213705,35.16502229,,
126.9215326,35.16493854,,
126.9216853,35.16484349,,
126.9218273,35.16473788,,
126.9219576,35.1646225,,
126.9220751,35.16449825,,
126.9221789,35.16436605,,
126.9222684,35.16422693,,
126.9223427,35.16408193,,
126.9224014,35.16393216,,
126.922444,35.16377877,,
126.9224701,35.16362291,,
126.9224795,35.16346577,,
127.0596019,37.61158285,,
127.0595904,37.61134713,,
127.059553,37.61111312,,
127.0594902,37.61088258,,
127.0594024,37.61065728,,
127.0592902,37.61043892,,
127.0591545,37.61022917,,
127.0589964,37.61002963,,
127.058817,37.60984181,,
127.0586177,37.60966715,,
127.0584,37.60950697,,
127.0581656,37.60936249,,
127.0579163,37.60923481,,
127.0576539,37.6091249,,
127.0573805,37.6090336,,
127.0570981,37.60896161,,
127.056809,37.60890947,,
127.0565152,37.60887757,,
127.056219,37.60886617,,
127.0559227,37.60887535,,
127.0556286,37.60890503,,
127.0553388,37.60895499,,
127.0550556,37.60902486,,
127.0547811,37.6091141,,
127.0545174,37.60922203,,
127.0542666,37.60934783,,
127.0540305,37.60949054,,
127.0538109,37.60964907,,
127.0536096,37.60982223,,
127.0534279,37.61000869,,
127.0532674,37.61020704,,
127.0531293,37.61041575,,
127.0530145,37.61063326,,
127.052924,37.61085789,,
127.0528584,37.61108794,,
127.0528183,37.61132167,,
127.052804,37.61155728,,
127.0528155,37.61179299,,
127.0528528,37.61202701,,
127.0529156,37.61225755,,
127.0530034,37.61248286,,
127.0531156,37.61270122,,
127.0532513,37.61291098,,
127.0534094,37.61311053,,
127.0535888,37.61329835,,
127.0537881,37.61347302,,
127.0540057,37.61363321,,
127.0542401,37.6137777,,
127.0544895,37.61390539,,
127.0547519,37.6140153,,
127.0550253,37.61410661,,
127.0553077,37.61417861,,
127.0555969,37.61423075,,
127.0558907,37.61426265,,
127.0561869,37.61427405,,
127.0564832,37.61426488,,
127.0567774,37.61423519,,
127.0570672,37.61418522,,
127.0573504,37.61411535,,
127.0576249,37.61402611,,
127.0578886,37.61391817,,
127.0581394,37.61379237,,
127.0583755,37.61364965,,
127.0585951,37.6134911,,
127.0587964,37.61331794,,
127.0589781,37.61313147,,
127.0591386,37.61293312,,
127.0592767,37.61272439,,
127.0593915,37.61250688,,
127.059482,37.61228225,,
127.0595475,37.61205219,,
127.0595876,37.61181846,,
127.0596019,37.61158285,,
128.6045857,35.83495727,,
128.6045698,35.83472169,,
128.6045287,35.83448813,,
128.6044628,35.83425838,,
128.6043726,35.83403417,,
128.6042587,35.83381722,,
128.604122,35.83360919,,
128.6039636,35.83341164,,
128.6037846,35.83322609,,
128.6035865,35.83305394,,
128.6033706,35.83289652,,
128.6031388,35.83275501,,
128.6028927,35.83263049,,
128.6026342,35.83252391,,
128.6023653,35.83243608,,
128.602088,35.83236767,,
128.6018044,35.8323192,,
128.6015168,35.83229104,,
128.6012272,35.8322834,,
128.6009379,35.83229634,,
128.6006511,35.83232977,,
128.6003689,35.83238342,,
128.6000936,35.83245689,,
128.5998272,35.83254963,,
128.5995717,35.83266092,,
128.5993291,35.83278992,,
128.5991012,35.83293564,,
128.5988898,35.83309698,,
128.5986965,35.83327271,,
128.5985227,35.8334615,,
128.5983698,35.8336619,,
128.5982389,35.83387239,,
128.598131,35.83409137,,
128.598047,35.83431717,,
128.5979875,35.83454808,,
128.5979529,35.83478233,,
128.5979435,35.83501815,,
128.5979594,35.83525373,,
128.5980004,35.83548729,,
128.5980663,35.83571705,,
128.5981565,35.83594126,,
128.5982704,35.83615821,,
128.5984071,35.83636626,,
128.5985655,35.83656381,,
128.5987444,35.83674937,,
128.5989426,35.83692152,,
128.5991584,35.83707896,,
128.5993902,35.83722048,,
128.5996363,35.837345,,
128.5998949,35.83745159,,
128.6001638,35.83753942,,
128.6004411,35.83760784,,
128.6007247,35.83765631,,
128.6010123,35.83768447,,
128.601302,35.83769211,,
128.6015913,35.83767917,,
128.6018781,35.83764574,,
128.6021603,35.83759208,,
128.6024356,35.8375186,,
128.602702,35.83742586,,
128.6029575,35.83731457,,
128.6032001,35.83718556,,
128.603428,35.83703983,,
128.6036394,35.83687848,,
128.6038328,35.83670274,,
128.6040065,35.83651395,,
128.6041595,35.83631354,,
128.6042903,35.83610304,,
128.6043982,35.83588406,,
128.6044822,35.83565825,,
128.6045417,35.83542734,,
128.6045763,35.83519309,,
128.6045857,35.83495727,,
128.5346167,35.82136158,,
128.534601,35.82112598,,
128.5345601,35.82089239,,
128.5344944,35.8206626,,
128.5344044,35.82043833,,
128.5342907,35.82022132,,
128.5341543,35.8200132,,
128.533996,35.81981555,,
128.5338173,35.81962989,,
128.5336193,35.81945763,,
128.5334037,35.81930007,,
128.533172,35.81915842,,
128.532926,35.81903376,,
128.5326677,35.81892703,,
128.5323989,35.81883904,,
128.5321217,35.81877047,,
128.5318382,35.81872183,,
128.5315506,35.8186935,,
128.5312611,35.81868569,,
128.5309718,35.81869846,,
128.530685,35.81873172,,
128.5304029,35.81878521,,
128.5301275,35.81885853,,
128.5298611,35.81895111,,
128.5296055,35.81906225,,
128.5293628,35.81919111,,
128.5291349,35.8193367,,
128.5289234,35.81949792,,
128.5287299,35.81967354,,
128.528556,35.81986223,,
128.5284029,35.82006254,,
128.5282718,35.82027296,,
128.5281638,35.82049188,,
128.5280796,35.82071764,,
128.5280199,35.82094851,,
128.5279851,35.82118275,,
128.5279755,35.82141856,,
128.5279911,35.82165416,,
128.528032,35.82188775,,
128.5280976,35.82211755,,
128.5281877,35.82234182,,
128.5283013,35.82255884,,
128.5284378,35.82276697,,
128.528596,35.82296462,,
128.5287748,35.82315029,,
128.5289727,35.82332256,,
128.5291884,35.82348012,,
128.5294201,35.82362178,,
128.529666,35.82374645,,
128.5299244,35.82385319,,
128.5301932,35.82394118,,
128.5304704,35.82400976,,
128.5307539,35.8240584,,
128.5310415,35.82408673,,
128.5313311,35.82409454,,
128.5316203,35.82408176,,
128.5319072,35.8240485,,
128.5321893,35.82399501,,
128.5324647,35.82392169,,
128.5327312,35.82382911,,
128.5329867,35.82371796,,
128.5332294,35.82358909,,
128.5334574,35.82344349,,
128.5336689,35.82328226,,
128.5338623,35.82310663,,
128.5340363,35.82291794,,
128.5341893,35.82271762,,
128.5343204,35.82250719,,
128.5344284,35.82228827,,
128.5345126,35.82206251,,
128.5345723,35.82183163,,
128.5346071,35.82159739,,
128.5346167,35.82136158,,
128.5620226,35.93481876,,
128.5620131,35.93505457,,
128.5619784,35.93528881,,
128.5619187,35.93551969,,
128.5618344,35.93574547,,
128.5617263,35.93596442,,
128.5615952,35.93617487,,
128.561442,35.93637522,,
128.5612679,35.93656396,,
128.5610742,35.93673963,,
128.5608625,35.93690091,,
128.5606342,35.93704656,,
128.5603912,35.93717549,,
128.5601354,35.9372867,,
128.5598686,35.93737935,,
128.5595928,35.93745274,,
128.5593103,35.9375063,,
128.5590231,35.93753963,,
128.5587334,35.93755248,,
128.5584434,35.93754475,,
128.5581554,35.93751649,,
128.5578715,35.93746792,,
128.5575938,35.93739941,,
128.5573246,35.93731149,,
128.5570658,35.93720482,,
128.5568195,35.93708021,,
128.5565874,35.93693862,,
128.5563714,35.93678111,,
128.5561731,35.9366089,,
128.555994,35.93642328,,
128.5558355,35.93622567,,
128.5556988,35.93601758,,
128.5555848,35.93580059,,
128.5554946,35.93557636,,
128.5554288,35.93534658,,
128.5553878,35.935113,,
128.555372,35.93487741,,
128.5553815,35.9346416,,
128.5554163,35.93440736,,
128.555476,35.93417648,,
128.5555602,35.93395071,,
128.5556684,35.93373177,,
128.5557995,35.93352132,,
128.5559527,35.93332097,,
128.5561268,35.93313225,,
128.5563205,35.93295658,,
128.5565323,35.93279531,,
128.5567605,35.93264966,,
128.5570035,35.93252075,,
128.5572593,35.93240954,,
128.5575261,35.9323169,,
128.5578019,35.93224352,,
128.5580844,35.93218996,,
128.5583716,35.93215663,,
128.5586612,35.93214378,,
128.5589512,35.93215152,,
128.5592392,35.93217977,,
128.5595231,35.93222834,,
128.5598007,35.93229684,,
128.5600699,35.93238476,,
128.5603287,35.93249142,,
128.560575,35.93261602,,
128.5608071,35.93275761,,
128.5610231,35.93291511,,
128.5612214,35.93308731,,
128.5614005,35.93327292,,
128.561559,35.93347052,,
128.5616958,35.9336786,,
128.5618097,35.93389559,,
128.5618999,35.93411982,,
128.5619658,35.9343496,,
128.5620068,35.93458317,,
128.5620226,35.9348187,,
128.6017146,35.84004076,,
128.6017053,35.84027657,,
128.6016707,35.84051083,,
128.6016112,35.84074173,,
128.6015271,35.84096754,,
128.6014193,35.84118652,,
128.6012884,35.84139701,,
128.6011354,35.84159742,,
128.6009616,35.8417862,,
128.6007683,35.84196194,,
128.6005569,35.84212328,,
128.600329,35.84226901,,
128.6000863,35.84239801,,
128.5998308,35.8425093,,
128.5995644,35.84260204,,
128.599289,35.84267551,,
128.5990068,35.84272916,,
128.59872,35.84276258,,
128.5984306,35.84277552,,
128.598141,35.84276787,,
128.5978533,35.84273971,,
128.5975697,35.84269123,,
128.5972924,35.84262281,,
128.5970234,35.84253497,,
128.5967649,35.84242837,,
128.5965188,35.84230384,,
128.596287,35.84216232,,
128.5960711,35.84200488,,
128.595873,35.84183272,,
128.595694,35.84164716,,
128.5955356,35.8414496,,
128.5953989,35.84124155,,
128.595285,35.8410246,,
128.5951948,35.84080038,,
128.5951289,35.84057062,,
128.5950879,35.84033706,,
128.595072,35.84010148,,
128.5950814,35.83986566,,
128.595116,35.83963141,,
128.5951756,35.83940051,,
128.5952596,35.83917471,,
128.5953675,35.83895573,,
128.5954984,35.83874524,,
128.5956513,35.83854484,,
128.5958252,35.83835606,,
128.5960185,35.83818034,,
128.5962299,35.838019,,
128.5964578,35.83787328,,
128.5967004,35.83774429,,
128.5969559,35.837633,,
128.5972224,35.83754027,,
128.5974977,35.83746681,,
128.5977799,35.83741316,,
128.5980667,35.83737974,,
128.5983561,35.83736681,,
128.5986457,35.83737445,,
128.5989333,35.83740262,,
128.5992169,35.83745109,,
128.5994942,35.83751951,,
128.5997631,35.83760735,,
128.6000217,35.83771393,,
128.6002678,35.83783846,,
128.6004996,35.83797997,,
128.6007154,35.8381374,,
128.6009136,35.83830955,,
128.6010926,35.83849511,,
128.601251,35.83869266,,
128.6013877,35.8389007,,
128.6015016,35.83911765,,
128.6015918,35.83934186,,
128.6016577,35.83957161,,
128.6016987,35.83980517,,
128.6017146,35.8400407,,
